run_id,first_game_date,last_game_date,bets_total,bets_settled,wins,losses,draws,pending,units_staked,units_profit,dollars_staked,roi
22974121374,2026-03-13,2026-03-15,5,5,4,1,0,0,7.98,1.8788,79.8,0.23543859649122806
23240333229,2026-03-20,2026-03-22,4,4,0,4,0,0,6.0,-6.0,60.0,-1.0
23264263375,2026-03-20,2026-03-22,4,4,0,4,0,0,6.0,-6.0,60.0,-1.0
23264593741,2026-03-20,2026-03-21,2,2,0,2,0,0,4.0,-4.0,40.0,-1.0
23268832483,2026-03-20,2026-03-21,2,2,0,2,0,0,4.48,-4.48,44.84,-1.0
23239237740,2026-03-21,2026-03-22,2,2,1,1,0,0,5.3100000000000005,-0.7819999999999996,53.129999999999995,-0.1472693032015065
23237239521,2026-03-22,2026-03-22,2,2,1,1,0,0,0.71,0.04200000000000004,7.109999999999999,0.05915492957746484
23237751230,2026-03-22,2026-03-22,2,2,1,1,0,0,3.0,0.20000000000000018,30.0,0.06666666666666672
20260323012418,2026-03-27,2026-03-27,1,1,0,1,0,0,4.0,-4.0,40.0,-1.0
20260323021649,2026-03-27,2026-03-27,1,1,0,1,0,0,4.0,-4.0,40.0,-1.0
20260323022807,2026-03-27,2026-03-27,1,1,0,1,0,0,4.0,-4.0,40.0,-1.0
20260323023559,2026-03-27,2026-03-27,1,1,0,1,0,0,4.0,-4.0,40.0,-1.0
20260323025916,2026-03-27,2026-03-27,1,1,0,1,0,0,4.0,-4.0,40.0,-1.0
20260323050611,2026-03-27,2026-03-27,1,1,0,1,0,0,4.0,-4.0,40.0,-1.0
20260323065044,2026-03-27,2026-03-27,1,1,0,1,0,0,4.0,-4.0,40.0,-1.0
20260323080454,2026-03-27,2026-03-28,3,3,1,2,0,0,10.0,-7.5600000000000005,100.0,-0.756
20260323200112,2026-03-27,2026-03-28,3,3,1,2,0,0,10.0,-7.5600000000000005,100.0,-0.756
20260324200145,2026-03-27,2026-03-28,3,3,1,2,0,0,8.0,-5.6,80.0,-0.7
20260325195917,2026-03-27,2026-03-28,3,3,1,2,0,0,8.0,-5.6,80.0,-0.7
20260326200029,2026-03-27,2026-03-28,3,3,1,2,0,0,8.0,-5.6,80.0,-0.7
20260322233330,2026-03-28,2026-03-29,2,2,1,1,0,0,7.0,-1.0,70.0,-0.14285714285714285
20260323001553,2026-03-28,2026-03-29,2,2,1,1,0,0,7.0,-1.0,70.0,-0.14285714285714285
20260323005036,2026-03-28,2026-03-29,2,2,1,1,0,0,7.0,-1.0,70.0,-0.14285714285714285
20260327195617,2026-03-28,2026-03-28,2,2,1,1,0,0,4.0,-1.6,40.0,-0.4
20260329195232,2026-04-02,2026-04-03,2,2,1,1,0,0,6.0,-3.08,60.0,-0.5133333333333333
20260329210224,2026-04-02,2026-04-03,2,2,1,1,0,0,6.0,-3.08,60.0,-0.5133333333333333
20260329211258,2026-04-02,2026-04-03,2,2,1,1,0,0,6.0,-3.08,60.0,-0.5133333333333333
20260329214052,2026-04-02,2026-04-03,2,2,1,1,0,0,6.0,-3.08,60.0,-0.5133333333333333
20260329221345,2026-04-02,2026-04-04,3,3,2,1,0,0,8.0,-1.2800000000000002,80.0,-0.16000000000000003
20260329222623,2026-04-02,2026-04-04,3,3,2,1,0,0,8.0,-1.2800000000000002,80.0,-0.16000000000000003
20260329223059,2026-04-02,2026-04-04,3,3,2,1,0,0,8.0,-1.2800000000000002,80.0,-0.16000000000000003
20260331200318,2026-04-02,2026-04-04,3,3,2,1,0,0,10.0,4.36,100.0,0.43600000000000005
20260401200623,2026-04-02,2026-04-04,3,3,2,1,0,0,10.0,4.56,100.0,0.45599999999999996
20260329223712,2026-04-03,2026-04-04,3,3,3,0,0,0,9.0,6.4399999999999995,90.0,0.7155555555555555
20260329224202,2026-04-03,2026-04-04,3,3,3,0,0,0,9.0,6.4399999999999995,90.0,0.7155555555555555
20260330200444,2026-04-03,2026-04-04,3,3,3,0,0,0,9.0,6.24,90.0,0.6933333333333334
20260402200136,2026-04-03,2026-04-04,3,3,3,0,0,0,10.0,7.279999999999999,100.0,0.728
20260402214719,2026-04-03,2026-04-04,3,3,3,0,0,0,10.0,6.319999999999999,100.0,0.6319999999999999
20260403195731,2026-04-04,2026-04-04,1,1,1,0,0,0,4.0,2.96,40.0,0.74
20260404014334,2026-04-04,2026-04-04,1,1,1,0,0,0,4.0,2.96,40.0,0.74
20260405195400,2026-04-10,2026-04-10,1,1,1,0,0,0,4.0,2.3200000000000003,40.0,0.5800000000000001
20260405200628,2026-04-10,2026-04-10,1,1,1,0,0,0,4.0,2.3200000000000003,40.0,0.5800000000000001
20260407200455,2026-04-10,2026-04-12,3,3,1,2,0,0,10.0,-7.16,100.0,-0.716
20260408200646,2026-04-10,2026-04-12,3,3,1,2,0,0,10.0,-7.16,100.0,-0.716
20260406083609,2026-04-11,2026-04-12,3,3,1,2,0,0,10.0,-6.7,100.0,-0.67
20260406200304,2026-04-11,2026-04-12,3,3,1,2,0,0,9.0,-2.2,90.0,-0.24444444444444446
20260406213247,2026-04-11,2026-04-12,3,3,0,3,0,0,9.0,-9.0,90.0,-1.0
20260409201125,2026-04-11,2026-04-12,3,3,0,3,0,0,9.0,-9.0,90.0,-1.0
20260410200031,2026-04-11,2026-04-12,3,3,0,3,0,0,9.0,-9.0,90.0,-1.0
20260411195453,2026-04-12,2026-04-12,2,2,1,1,0,0,6.0,-2.68,60.0,-0.4466666666666667
20260411204444,2026-04-12,2026-04-12,1,1,0,1,0,0,4.0,-4.0,40.0,-1.0
20260413012838,2026-04-17,2026-04-19,3,3,1,2,0,0,10.0,-4.8,100.0,-0.48
20260413013138,2026-04-17,2026-04-19,3,3,1,2,0,0,10.0,-4.8,100.0,-0.48
20260414202856,2026-04-17,2026-04-18,3,3,2,1,0,0,10.0,0.3200000000000003,100.0,0.03200000000000003
20260415011053,2026-04-17,2026-04-18,3,3,2,1,0,0,10.0,0.3200000000000003,100.0,0.03200000000000003
20260415201246,2026-04-17,2026-04-18,3,3,2,1,0,0,8.0,-0.2599999999999998,80.0,-0.03249999999999997
20260416200913,2026-04-17,2026-04-18,3,3,2,1,0,0,10.0,0.3600000000000003,100.0,0.03600000000000003
20260412195710,2026-04-18,2026-04-18,2,2,2,0,0,0,8.0,2.4000000000000004,80.0,0.30000000000000004
20260413202934,2026-04-18,2026-04-19,3,3,2,1,0,0,8.0,-0.31999999999999984,80.0,-0.03999999999999998
20260417200745,2026-04-18,2026-04-18,2,2,2,0,0,0,8.0,2.3600000000000003,80.0,0.29500000000000004
20260420032345,2026-04-23,2026-04-25,2,2,1,1,0,0,4.0,-0.8799999999999999,40.0,-0.21999999999999997
20260420033040,2026-04-23,2026-04-25,2,2,1,1,0,0,4.0,-0.8799999999999999,40.0,-0.21999999999999997
20260422202840,2026-04-23,2026-04-25,2,2,1,1,0,0,4.0,-0.8999999999999999,40.0,-0.22499999999999998
20260419195749,2026-04-24,2026-04-26,3,3,2,1,0,0,7.0,-2.08,70.0,-0.29714285714285715
20260420012403,2026-04-24,2026-04-26,3,3,2,1,0,0,10.0,0.1200000000000001,100.0,0.01200000000000001
20260420031109,2026-04-24,2026-04-24,1,1,1,0,0,0,2.0,1.92,20.0,0.96
20260420031537,2026-04-24,2026-04-24,1,1,1,0,0,0,2.0,1.92,20.0,0.96
20260420031920,2026-04-24,2026-04-25,2,2,1,1,0,0,4.0,-0.08000000000000007,40.0,-0.020000000000000018
20260420041539,2026-04-25,2026-04-25,1,1,0,1,0,0,2.0,-2.0,20.0,-1.0
20260420042541,2026-04-25,2026-04-26,2,2,1,1,0,0,5.0,-2.24,50.0,-0.44800000000000006
20260420043428,2026-04-25,2026-04-26,2,2,1,1,0,0,5.0,-2.24,50.0,-0.44800000000000006
20260420044018,2026-04-25,2026-04-26,2,2,1,1,0,0,5.0,-2.24,50.0,-0.44800000000000006
20260420044436,2026-04-25,2026-04-26,2,2,1,1,0,0,5.0,-2.24,50.0,-0.44800000000000006
20260420050059,2026-04-25,2026-04-25,1,1,0,1,0,0,3.0,-3.0,30.0,-1.0
20260420051651,2026-04-25,2026-04-25,1,1,0,1,0,0,3.0,-3.0,30.0,-1.0
20260420052047,2026-04-25,2026-04-25,1,1,0,1,0,0,3.0,-3.0,30.0,-1.0
20260420200834,2026-04-25,2026-04-25,1,1,0,1,0,0,3.0,-3.0,30.0,-1.0
20260420230412,2026-04-25,2026-04-25,1,1,0,1,0,0,3.0,-3.0,30.0,-1.0
20260420230842,2026-04-25,2026-04-25,1,1,0,1,0,0,3.0,-3.0,30.0,-1.0
20260421002758,2026-04-25,2026-04-25,1,1,0,1,0,0,2.0,-2.0,20.0,-1.0
20260421004036,2026-04-25,2026-04-25,1,1,0,1,0,0,2.0,-2.0,20.0,-1.0
20260421201322,2026-04-25,2026-04-25,1,1,0,1,0,0,2.0,-2.0,20.0,-1.0
20260423202954,2026-04-25,2026-04-25,1,1,0,1,0,0,2.0,-2.0,20.0,-1.0
20260424200525,2026-04-25,2026-04-25,1,1,0,1,0,0,2.0,-2.0,20.0,-1.0
20260425195938,2026-04-26,2026-04-26,1,1,1,0,0,0,2.0,0.8999999999999999,20.0,0.44999999999999996
20260426003609,2026-04-26,2026-04-26,1,1,1,0,0,0,2.0,0.8999999999999999,20.0,0.44999999999999996
20260426200109,2026-05-02,2026-05-02,1,1,1,0,0,0,2.0,1.06,20.0,0.53
20260427203721,2026-05-02,2026-05-02,1,1,1,0,0,0,2.0,1.06,20.0,0.53
20260429203734,2026-05-02,2026-05-02,1,1,0,1,0,0,2.0,-2.0,20.0,-1.0
20260502200336,2026-05-07,2026-05-07,1,0,0,0,0,1,5.76,0.0,57.64,0.0
20260503102441,2026-05-07,2026-05-07,1,0,0,0,0,1,4.6,0.0,46.05,0.0
20260503104244,2026-05-07,2026-05-07,1,0,0,0,0,1,3.36,0.0,33.65,0.0
20260503110558,2026-05-07,2026-05-07,1,0,0,0,0,1,3.35,0.0,33.53,0.0
20260503112524,2026-05-07,2026-05-07,1,0,0,0,0,1,3.36,0.0,33.550000000000004,0.0
20260503200428,2026-05-07,2026-05-07,1,0,0,0,0,1,3.36,0.0,33.56,0.0
20260503212748,2026-05-07,2026-05-07,1,0,0,0,0,1,3.68,0.0,36.75,0.0
