date,home,away,pick,selection,odds,stake,edge,confidence
2026-03-06,Broncos,Panthers,HOME,Broncos,1.7,1.0,0.065,0.64
2026-03-07,Sharks,Titans,HOME,Sharks,1.28,1.0,0.095,0.8
2026-03-07,Sea Eagles,Raiders,HOME,Sea Eagles,1.91,2.0,0.112,0.62
2026-03-08,Dolphins,Rabbitohs,HOME,Dolphins,1.85,3.0,0.251,0.76
2026-03-13,Warriors,Raiders,HOME,Warriors,1.82,1.0,0.1,0.63
2026-03-13,Roosters,Rabbitohs,HOME,Roosters,1.63,3.0,0.253,0.8
2026-03-14,Wests Tigers,Cowboys,HOME,Wests Tigers,1.62,1.0,0.068,0.67
2026-03-15,Sea Eagles,Knights,HOME,Sea Eagles,1.5,3.0,0.181,0.8
2026-03-15,Dolphins,Titans,HOME,Dolphins,1.36,1.0,0.065,0.77
