team,jersey,player,position
Roosters,1,James Tedesco,fullback
Roosters,2,Daniel Tupou,winger
Roosters,3,Billy Smith,centre
Roosters,4,Robert Toia,centre
Roosters,5,Mark Nawaqanitawase,winger
Roosters,6,Daly Cherry-Evans,five-eighth
Roosters,7,Sam Walker,halfback
Roosters,8,Naufahu Whyte,prop
Roosters,9,Reece Robson,hooker
Roosters,10,Lindsay Collins,prop
Roosters,11,Salesi Foketi,2nd row
Roosters,12,Siua Wong,2nd row
Roosters,13,Victor Radley,lock
Roosters,14,Connor Watson,interchange
Roosters,15,Angus Crichton,interchange
Roosters,16,Nat Butcher,interchange
Roosters,17,Spencer Leniu,interchange
Roosters,18,Hugo Savala,interchange
Roosters,19,Cody Ramsey,interchange
Roosters,22,Benaiah Ioelu,reserve
Knights,1,Kalyn Ponga,fullback
Knights,2,Dominic Young,winger
Knights,3,Dane Gagai,centre
Knights,4,Bradman Best,centre
Knights,5,Greg Marzhew,winger
Knights,6,Fletcher Sharpe,five-eighth
Knights,7,Sandon Smith,halfback
Knights,8,Tyson Frizell,prop
Knights,9,Phoenix Crossland,hooker
Knights,10,Cody Hopwood,prop
Knights,11,Jermaine McEwen,2nd row
Knights,12,Francis Manuleleua,2nd row
Knights,13,Mat Croker,lock
Knights,14,Harrison Graham,interchange
Knights,15,Lachlan Crouch,interchange
Knights,16,Pasami Saulo,interchange
Knights,17,Dylan Lucas,interchange
Knights,18,Fletcher Hunt,interchange
Knights,19,Thomas Cant,interchange
Knights,20,Kyle McCarthy,reserve
Knights,21,Elijah Salesa-Leaumoana,reserve
Knights,22,Toby Winter,reserve
