feature,threshold_abs,eligible_matches,coverage_pct,signal_accuracy,baseline_accuracy_same_matches,accuracy_delta,disagreements_with_baseline,baseline_errors_corrected,baseline_winners_broken,net_corrected_winners,disagreement_signal_accuracy,sample_flag
momentum_last5_margin_edge_home,6.0,93,0.7045454545454546,0.6021505376344086,0.5913978494623656,0.010752688172043001,7,4,3,1,0.5714285714285714,USABLE
momentum_last5_margin_edge_home,9.0,78,0.5909090909090909,0.6025641025641025,0.6025641025641025,0.0,4,2,2,0,0.5,USABLE
momentum_last5_margin_edge_home,12.0,57,0.4318181818181818,0.6140350877192983,0.6140350877192983,0.0,0,0,0,0,,USABLE
momentum_last5_win_pct_edge_home,0.3,57,0.4318181818181818,0.543859649122807,0.5614035087719298,-0.01754385964912275,3,1,2,-1,0.3333333333333333,USABLE
momentum_last5_win_pct_edge_home,0.4,49,0.3712121212121212,0.5306122448979592,0.5510204081632653,-0.020408163265306034,3,1,2,-1,0.3333333333333333,USABLE
momentum_last8_win_pct_edge_home,0.3,46,0.3484848484848485,0.6086956521739131,0.6521739130434783,-0.04347826086956519,2,0,2,-2,0.0,USABLE
momentum_last5_margin_edge_home,3.0,107,0.8106060606060606,0.5981308411214953,0.6261682242990654,-0.028037383177570097,11,4,7,-3,0.36363636363636365,USABLE
momentum_last5_win_pct_edge_home,0.1,99,0.75,0.6262626262626263,0.6565656565656566,-0.030303030303030276,9,3,6,-3,0.3333333333333333,USABLE
momentum_last5_win_pct_edge_home,0.2,74,0.5606060606060606,0.5945945945945946,0.6351351351351351,-0.04054054054054046,5,1,4,-3,0.2,USABLE
momentum_last8_win_pct_edge_home,0.2,72,0.5454545454545454,0.6111111111111112,0.6527777777777778,-0.04166666666666663,5,1,4,-3,0.2,USABLE
momentum_last8_margin_edge_home,12.0,50,0.3787878787878788,0.62,0.68,-0.06000000000000005,3,0,3,-3,0.0,USABLE
momentum_last8_margin_edge_home,6.0,87,0.6590909090909091,0.6436781609195402,0.6896551724137931,-0.04597701149425293,8,2,6,-4,0.25,USABLE
momentum_last8_margin_edge_home,9.0,69,0.5227272727272727,0.6086956521739131,0.6666666666666666,-0.05797101449275355,4,0,4,-4,0.0,USABLE
momentum_last8_win_pct_edge_home,0.1,109,0.8257575757575758,0.5779816513761468,0.6330275229357798,-0.05504587155963303,16,5,11,-6,0.3125,USABLE
momentum_streak_edge_home,2.0,59,0.44696969696969696,0.6271186440677966,0.7288135593220338,-0.10169491525423724,8,1,7,-6,0.125,USABLE
momentum_last8_margin_edge_home,3.0,112,0.8484848484848485,0.6160714285714286,0.6785714285714286,-0.0625,13,3,10,-7,0.23076923076923078,USABLE
momentum_streak_edge_home,1.0,96,0.7272727272727273,0.5833333333333334,0.6666666666666666,-0.08333333333333326,24,8,16,-8,0.3333333333333333,USABLE
momentum_streak_edge_home,4.0,21,0.1590909090909091,0.6190476190476191,0.6190476190476191,0.0,0,0,0,0,,CAUTION
momentum_last8_win_pct_edge_home,0.4,24,0.18181818181818182,0.625,0.6666666666666666,-0.04166666666666663,1,0,1,-1,0.0,CAUTION
momentum_streak_edge_home,3.0,35,0.26515151515151514,0.6571428571428571,0.7428571428571429,-0.08571428571428574,3,0,3,-3,0.0,CAUTION
continuity_retention_edge_home,0.05,2,0.015151515151515152,0.5,0.0,0.5,1,1,0,1,1.0,TOO_SMALL
