fox_rank,fox_name,resolved_name,team_code,G,ST,MIN,T,TA,GLS,GK_pct,FG,PTS,R,RM,LB,TB,OFF,K,KM,TCK,MT,ERR,PEN,SB,SO
1,M. Croker,,NEW,24,24,1271,1,1,0,,0,4,216,1685,1,19,11,1,7,671,73,5,4,0,0
36,G. Marzhew,,NEW,23,23,1795,24,0,0,,0,96,413,3949,27,138,10,6,101,42,33,19,7,0,0
36,D. Young,,NEW,23,23,1831,20,6,0,,0,80,342,3409,37,122,15,6,108,46,23,32,6,1,0
68,P. Crossland,,NEW,22,22,1622,3,1,0,,0,12,24,194,1,3,1,18,866,886,79,6,8,0,0
68,D. Gagai,,NEW,22,22,1721,5,9,0,,0,20,295,2276,9,111,24,11,111,295,89,26,7,0,0
68,T. Mooney,,NEW,22,21,1097,5,1,0,,0,20,268,2088,4,44,25,1,9,656,52,10,13,1,0
68,F. Sharpe,,NEW,22,22,1707,12,11,0,,0,48,216,2090,11,86,15,29,709,346,48,20,3,0,0
91,T. Frizell,,NEW,21,2,832,2,0,0,,0,8,181,1651,1,21,16,1,11,449,20,4,6,0,0
91,S. Smith,,NEW,21,18,1536,1,18,51,72,0,106,102,772,2,23,10,169,4896,322,86,14,6,0,0
128,J. McEwen,,NEW,20,20,1547,2,1,0,,0,8,231,1764,4,38,5,2,65,645,71,15,15,1,0
182,F. Hunt,,NEW,18,13,1161,13,5,0,,0,52,189,1668,12,60,16,4,59,176,47,20,7,1,0
182,J. Saifiti,,NEW,18,17,895,1,1,0,,0,4,184,1624,0,15,5,0,0,419,47,1,2,0,1
224,T. Cant,,NEW,16,2,600,0,1,0,,0,0,82,640,0,17,2,0,0,335,29,0,1,0,0
224,H. Graham,,NEW,16,2,538,2,2,0,,0,8,43,537,3,17,7,5,110,392,37,2,6,0,0
224,D. Lucas,,NEW,16,16,1215,10,1,0,,0,40,190,1732,8,52,3,3,54,570,33,7,5,1,0
246,D. Brown,,NEW,15,15,1118,2,14,0,,1,9,126,1259,4,38,16,142,4553,310,30,14,2,0,0
246,K. Ponga,,NEW,15,15,1140,5,14,37,72,0,94,188,1918,10,72,22,60,1624,52,28,31,3,0,0
267,B. Best,,NEW,14,14,1080,4,12,0,,0,16,176,1759,5,36,12,6,72,172,38,11,0,0,0
267,C. Hopwood,,NEW,14,7,451,0,0,0,,0,0,116,811,1,11,4,0,0,256,16,0,3,0,0
267,P. Saulo,,NEW,14,2,370,0,0,0,,0,0,79,649,0,9,2,0,0,226,12,3,1,0,0
,F. Manuleleua,,NEW,11,9,661,2,5,0,,0,8,78,743,8,32,7,0,0,246,37,1,3,0,0
,L. Crouch,,NEW,8,0,244,0,0,0,,0,0,60,476,1,8,1,0,0,167,9,1,3,0,0
,B. Jones,,NEW,4,0,77,0,1,0,,0,0,19,148,0,1,2,0,0,38,1,0,1,0,0
,W. De Courcey,,NEW,2,1,80,0,0,0,,0,0,9,61,0,1,1,0,0,12,5,0,1,0,0
,E. Salesa-Leaumoana,,NEW,2,0,51,0,0,0,,0,0,9,50,0,0,1,0,0,21,2,1,0,0,0
,T. Gamble,,NEW,1,1,80,0,1,0,,0,0,4,31,0,0,1,10,247,28,6,1,2,0,0
,P. Hola,,NEW,1,0,12,0,0,0,,0,0,2,21,0,0,0,0,0,6,2,1,0,0,0
,J. Schiller,,NEW,1,1,80,0,0,0,,0,0,11,97,0,7,0,0,0,9,7,2,0,0,0
,T. Winter,,NEW,1,0,39,0,0,0,,0,0,8,65,0,1,1,0,0,11,1,0,0,0,0
,D. Hagan,,NEW,0,0,0,0,0,0,,0,0,0,0,0,0,0,0,0,0,0,0,0,0,0
,A. Kepaoa,,NEW,0,0,0,0,0,0,,0,0,0,0,0,0,0,0,0,0,0,0,0,0,0
,K. McCarthy,,NEW,0,0,0,0,0,0,,0,0,0,0,0,0,0,0,0,0,0,0,0,0,0
,K. Koloamatangi,,SOU,24,22,1666,2,1,0,,0,8,406,3626,3,50,15,0,0,679,64,15,3,0,0
,T. Tatola,,SOU,24,22,1146,2,0,0,,0,8,310,2452,1,16,0,0,0,547,41,4,4,0,0
,L. Hubner,,SOU,23,3,817,1,2,0,,0,4,208,1479,2,30,8,2,22,476,72,7,3,1,0
,C. Walker,,SOU,23,22,1779,9,35,0,,0,36,117,920,14,53,14,140,3480,359,93,36,13,1,0
,T. Duncan,,SOU,21,19,1636,12,5,0,,0,48,297,2464,17,83,17,1,5,479,61,15,4,0,0
,A. Johnston,,SOU,21,21,1680,30,8,0,,0,120,257,2687,41,86,9,9,95,90,30,15,2,0,0
,C. Murray,,SOU,19,18,1301,5,6,0,,0,20,197,1676,7,42,11,2,32,679,38,7,5,0,0
,E. Aitken,,SOU,18,12,1093,6,0,0,,0,24,217,1635,5,39,8,1,32,520,26,3,3,0,0
,C. Graham,,SOU,18,18,1440,13,1,0,,0,52,281,2516,18,87,11,0,0,129,40,16,6,0,0
,J. Wighton,,SOU,18,18,1351,4,4,0,,0,16,216,1692,4,38,5,6,93,206,53,14,4,0,0
,J. Humphreys,,SOU,17,6,946,2,8,2,50,0,12,67,518,0,11,1,72,2430,386,50,7,1,0,0
,S. Keppie,,SOU,17,6,707,1,0,0,,0,4,151,1185,1,28,4,0,0,359,64,4,5,0,0
,D. Fifita,,SOU,16,16,1171,6,2,0,,0,24,251,2042,7,88,22,3,42,349,57,6,11,1,0
,B. Smith,,SOU,16,16,793,3,4,0,,0,12,68,696,4,23,2,7,105,346,64,7,9,0,0
,J. Gray,,SOU,15,13,1059,4,6,0,,0,16,214,1938,10,76,3,6,49,71,16,5,0,0,0
,M. Dufty,,SOU,14,12,976,3,8,0,0,0,12,265,2906,13,75,3,4,83,36,19,10,1,0,0
,J. Sullivan,,SOU,14,6,611,1,4,8,57,0,20,40,375,3,20,0,41,1337,161,32,3,4,0,0
,A. Ward,,SOU,13,13,941,1,10,8,57,0,20,45,375,1,13,4,145,4879,182,52,14,3,0,0
,B. Garlick,,SOU,11,10,399,0,1,0,,0,0,22,169,0,2,1,0,0,231,17,4,4,0,0
,L. Mitchell,,SOU,11,10,822,12,5,41,63,1,132,109,1119,11,60,25,41,1411,86,15,15,13,0,0
,P. Mamouzelos,,SOU,10,1,486,0,2,0,,0,0,41,324,1,11,1,7,170,226,7,0,8,1,0
,L. Siegwalt,,SOU,8,8,640,2,1,28,71,0,64,118,794,3,18,3,2,30,102,35,2,0,0,0
,A. Elliott,,SOU,7,5,274,1,0,0,,0,4,48,338,1,6,1,0,0,150,9,3,1,0,0
,E. Kosi,,SOU,6,6,439,3,0,0,,0,12,76,554,2,11,3,1,7,22,12,5,1,0,0
,L. Le Blanc,,SOU,6,0,184,0,0,0,,0,0,33,252,0,1,1,0,0,105,9,3,0,0,0
,J. Radel,,SOU,4,2,129,2,0,0,,0,8,34,297,1,4,0,0,0,79,2,1,1,0,0
,T. Fletcher,,SOU,3,0,49,0,0,0,,0,0,10,76,1,1,1,0,0,32,7,0,1,0,0
,D. Jennings,,SOU,3,2,121,1,0,0,,0,4,15,125,2,13,0,0,0,9,2,2,0,0,0
,J. Arrow,,SOU,2,2,2,0,0,0,,0,0,0,0,0,0,0,0,0,0,0,0,0,0,0
,M. Graham-Taufa,,SOU,2,1,107,0,0,0,,0,0,17,128,0,2,2,0,0,2,2,3,1,0,0
,B. Bentley-Hape,,SOU,1,1,80,1,0,1,50,0,6,15,141,3,5,0,0,0,6,1,5,0,0,0
,T. Penitani,,SOU,1,1,80,2,0,0,,0,8,14,186,3,7,0,0,0,5,0,2,1,0,0
,E. Clark,,WAR,24,24,1250,6,6,0,,0,24,317,2719,9,54,23,2,17,590,33,6,9,0,0
,W. Egan,,WAR,23,23,1404,3,14,0,,0,12,98,1006,5,16,15,5,43,632,53,8,6,0,0
,J. Laban,,WAR,23,19,1422,8,3,0,,0,32,206,1613,8,51,11,1,35,611,72,15,8,0,0
,J. Fisher-Harris,,WAR,21,21,1143,3,1,0,,0,12,328,2488,2,39,13,0,0,555,59,6,9,0,0
,S. Healey,,WAR,21,1,485,2,1,0,,0,8,78,774,4,28,5,2,7,241,20,3,2,0,0
,D. Watene-Zelezniak,,WAR,21,21,1623,20,1,0,,0,80,315,2827,17,69,20,1,11,86,36,25,4,0,0
,L. Halasima,,WAR,20,17,1311,8,2,0,,0,32,195,1710,6,88,4,0,0,361,63,16,11,0,0
,C. Harris-Tavita,,WAR,20,20,1518,8,21,22,68,1,77,91,807,6,24,8,189,5908,290,52,17,4,0,0
,A. Leiataua,,WAR,20,20,1555,6,1,0,,0,24,190,1826,9,74,6,1,11,261,63,12,9,0,0
,T. Tuaupiki,,WAR,20,18,1515,6,9,24,82,0,72,327,3075,15,126,4,4,85,90,25,14,0,0,0
,D. Vaimauga,,WAR,20,0,698,1,0,0,,0,4,159,1265,1,41,10,1,13,367,24,7,7,0,0
,T. Stowers-Smith,,WAR,19,3,753,0,0,0,,0,0,237,2071,1,47,2,0,0,417,40,6,4,0,0
,A. Khan-Pereira,,WAR,17,17,1310,16,1,0,,0,64,190,1828,19,62,2,2,32,79,41,11,4,1,0
,A. Pompey,,WAR,16,15,1257,5,2,15,75,0,50,202,1590,6,34,9,3,21,172,45,14,2,1,0
,M. Barnett,,WAR,15,11,728,1,3,0,,0,4,250,2051,0,30,7,1,9,355,25,3,2,0,0
,J. Ford,,WAR,14,13,993,4,0,1,100,0,18,242,1901,6,38,10,1,0,539,55,6,6,0,0
,C. Nicoll-Klokstad,,WAR,14,12,1015,12,3,0,,0,48,196,1704,12,47,12,4,16,142,31,8,2,1,0
,K. Capewell,,WAR,13,13,989,2,2,0,,0,8,122,975,2,22,8,1,55,376,52,6,4,0,0
,E. Ieremia-Toeava,,WAR,12,1,561,1,3,0,,0,4,121,969,3,19,7,0,0,307,21,4,3,0,0
,T. Martin,,WAR,11,10,870,6,13,0,,0,24,88,731,7,43,12,84,2368,231,35,15,1,0,0
,T. Boyd,,WAR,10,10,727,3,11,40,70,0,92,38,358,3,19,3,144,4797,165,32,7,0,0,0
,R. Tuivasa-Sheck,,WAR,10,10,731,2,4,1,100,0,10,149,1309,3,27,3,2,37,61,26,12,1,0,0
,L. Laulilii,,WAR,9,9,648,6,2,0,0,0,24,146,1206,7,32,5,1,23,35,19,12,1,1,0
,M. Niukore,,WAR,9,3,358,1,0,0,,0,4,54,418,1,5,0,0,0,155,14,0,1,0,0
,L. Metcalf,,WAR,4,4,255,2,2,6,75,0,20,18,167,1,8,0,30,909,59,8,4,0,0,0
,M. Gannon,,WAR,3,1,52,0,0,0,,0,0,17,121,0,1,1,0,0,20,3,0,0,0,0
,L. Hanson,,WAR,3,3,240,1,3,0,,1,5,12,93,0,6,0,6,167,56,3,2,0,0,0
,M. Tafua,,WAR,3,0,57,0,0,0,,0,0,6,48,0,1,1,0,0,31,3,0,0,0,0
,J. Cleary,,WAR,1,1,80,0,4,0,,0,0,8,54,0,3,0,13,211,13,8,0,0,0,0
,R. Price,,WAR,1,0,12,0,0,0,,0,0,5,37,0,1,1,0,0,6,0,0,0,0,0
,K. Fatialofa,,WAR,0,0,0,0,0,0,,0,0,0,0,0,0,0,0,0,0,0,0,0,0,0
,J. Linnane,,WAR,0,0,0,0,0,0,,0,0,0,0,0,0,0,0,0,0,0,0,0,0,0
,J. Salalilo,,WAR,0,0,0,0,0,0,,0,0,0,0,0,0,0,0,0,0,0,0,0,0,0
,J. Isaako,,DOL,24,24,1925,21,2,102,84,0,288,394,3501,24,90,16,3,40,106,44,20,7,0,0
,H. Farnworth,,DOL,23,23,1845,13,3,0,,0,52,376,3342,13,162,76,9,126,305,28,27,2,0,0
,T. Gilbert,,DOL,23,11,942,1,0,0,,0,4,246,1994,2,20,1,1,22,654,61,8,8,1,0
,M. Knowles,,DOL,23,23,1119,1,0,0,,0,4,154,1291,2,8,5,0,0,728,82,9,14,2,0
,K. Finefeuiaki,,DOL,22,21,1732,3,0,0,,0,12,325,2947,5,59,3,0,0,737,61,13,4,1,0
,C. Lemuelu,,DOL,22,21,1676,6,3,0,,0,24,233,1973,10,55,14,0,0,665,52,20,10,1,0
,I. Katoa,,DOL,20,20,1531,2,22,1,50,0,10,86,697,1,16,9,312,9690,446,64,13,4,0,0
,F. Molo,,DOL,20,14,634,0,1,0,,0,0,173,1504,2,13,10,0,0,385,19,5,0,0,0
,K. Nikorima,,DOL,20,20,1556,4,22,0,,0,16,73,550,5,24,14,34,741,398,47,10,6,1,0
,T. Flegler,,DOL,19,16,645,2,0,0,,0,8,150,1246,2,23,12,0,0,346,23,7,18,2,0
,F. Kaufusi,,DOL,19,8,521,1,1,0,,0,4,118,954,1,6,2,0,0,233,20,3,1,0,0
,M. Plath,,DOL,19,11,1173,4,1,0,,0,16,158,1404,7,47,0,0,0,640,41,6,6,0,0
,R. Stone,,DOL,19,0,668,3,0,0,,0,12,136,1100,2,17,0,0,0,397,30,5,2,0,0
,H. Tabuai-Fidow,,DOL,19,19,1515,13,12,0,,0,52,259,2931,12,93,14,1,0,100,20,13,2,1,0
,S. Cobbo,,DOL,18,18,1429,17,3,0,,0,68,315,3059,25,96,8,7,110,70,26,36,3,0,0
,J. Marshall-King,,DOL,16,14,1069,3,2,0,,0,12,59,599,3,13,7,0,0,582,31,2,6,0,0
,K. Donoghoe,,DOL,15,0,678,2,5,0,,0,8,85,768,3,27,4,3,52,377,55,6,5,0,0
,J. Bostock,,DOL,14,14,1120,5,7,0,,0,20,236,1970,7,41,15,4,58,213,29,13,9,0,0
,B. Schneider,,DOL,13,7,782,2,4,0,,0,8,57,428,1,17,3,86,2464,269,25,8,2,0,0
,J. Averillo,,DOL,10,10,783,6,4,0,,0,24,128,1321,7,29,7,6,95,118,18,7,2,0,0
,T. Naufahu,,DOL,8,7,574,3,1,0,,0,12,142,1395,12,60,1,4,57,25,7,9,1,0,0
,T. Fuller,,DOL,7,6,488,2,3,0,,0,8,122,1113,2,41,7,2,28,49,15,8,1,0,0
,B. Pouniu,,DOL,3,3,240,0,0,0,,0,0,37,375,1,8,0,0,0,94,3,2,1,0,0
,J. Fineanganofo,,DOL,1,0,10,0,0,0,,0,0,0,0,0,0,0,0,0,6,0,0,0,0,0
,S. Su'a,,DOL,1,0,30,0,0,0,,0,0,4,27,0,0,0,0,0,15,3,0,0,0,0
,L. Symonds,,DOL,1,0,17,0,0,0,,0,0,2,13,0,0,0,0,0,15,1,0,0,0,0
,B. Woolf,,DOL,1,0,25,0,0,0,,0,0,3,23,0,0,0,0,0,17,2,0,1,0,0
,S. Elliott,,DOL,0,0,0,0,0,0,,0,0,0,0,0,0,0,0,0,0,0,0,0,0,0
,B. Burns,,CRO,24,12,1415,6,1,0,,0,24,196,1663,8,41,20,4,82,668,77,13,13,0,0
,W. Kennedy,,CRO,24,24,1920,10,17,0,,0,40,334,3318,10,82,6,5,78,112,52,16,5,0,0
,T. Hazelton,,CRO,22,7,810,2,0,0,,0,8,216,1877,3,28,3,0,0,508,24,3,7,1,0
,J. Colquhoun,,CRO,21,17,934,3,0,0,,0,12,258,2098,2,20,8,0,0,582,20,5,5,0,0
,A. Fonua-Blake,,CRO,21,18,1027,2,1,0,,0,8,263,2628,2,77,19,0,0,490,18,6,4,1,0
,K. Iro,,CRO,21,21,1628,12,2,0,,0,48,343,2968,12,79,10,1,11,315,55,13,8,0,0
,S. Talakai,,CRO,21,3,750,5,1,0,,0,20,168,1633,3,49,5,0,0,227,33,9,4,0,0
,B. Trindall,,CRO,21,21,1607,9,32,10,71,1,58,69,559,6,23,5,295,8863,256,44,24,8,0,0
,T. Wilton,,CRO,21,20,1603,8,0,0,,0,32,222,1810,7,38,11,1,0,654,64,7,10,1,0
,N. Hynes,,CRO,20,20,1600,7,27,90,82,0,208,160,1437,11,47,27,121,3881,430,44,21,8,0,0
,O. Kaufusi,,CRO,20,4,594,1,2,0,,0,4,147,1236,2,32,29,0,0,284,14,0,0,0,0
,B. Brailey,,CRO,19,19,1468,3,15,0,,0,12,75,754,4,19,11,15,243,691,36,8,8,0,0
,B. Nikora,,CRO,19,16,1342,3,1,0,,0,12,170,1247,3,30,16,1,11,541,50,16,5,0,0
,S. Katoa,,CRO,18,18,1440,16,0,0,,0,64,321,2630,19,123,9,4,35,28,30,21,2,0,0
,C. McInnes,,CRO,17,15,730,1,0,0,,0,4,162,1165,2,20,2,0,0,499,19,6,6,0,0
,R. Mulitalo,,CRO,15,15,1187,12,0,0,,0,48,237,2017,15,65,22,2,42,68,36,11,6,1,0
,J. Ramien,,CRO,14,14,1084,6,0,0,,0,24,191,1662,9,36,16,1,30,174,30,11,9,0,0
,T. Rudolf,,CRO,14,11,537,0,0,0,,0,0,136,1116,1,21,6,0,0,287,33,7,2,0,0
,H. Puru,,CRO,12,5,511,1,0,0,,0,4,52,431,1,6,1,2,2,277,36,5,3,0,0
,S. Stonestreet,,CRO,12,12,960,4,1,0,,0,16,192,1569,3,21,5,4,64,77,29,11,2,0,0
,M. Hiroti,,CRO,11,11,826,2,0,1,100,0,10,151,1319,5,25,0,0,0,154,38,11,1,0,0
,N. Puru,,CRO,6,6,480,1,1,4,100,0,12,26,226,1,6,2,49,1563,175,22,6,5,0,0
,J. Berrell,,CRO,4,0,108,0,0,0,,0,0,5,48,0,2,0,1,3,73,6,3,2,0,0
,B. Uele,,CRO,4,0,78,0,0,0,,0,0,23,213,0,2,1,0,0,37,8,2,0,0,0
,T. Hau Tapuha,,CRO,3,0,46,0,0,0,,0,0,17,148,0,2,1,0,0,19,0,0,0,0,0
,M. Gabrael,,CRO,1,1,70,0,0,0,,0,0,12,100,0,2,1,0,0,8,0,0,1,1,0
,R. Jones,,CRO,1,1,80,1,0,0,,0,4,16,101,1,3,0,0,0,16,8,2,0,0,0
,R. Pollard,,CRO,1,1,80,0,1,0,,0,0,8,52,0,1,1,7,214,25,9,2,1,0,0
,H. Hassett,,CRO,0,0,0,0,0,0,,0,0,0,0,0,0,0,0,0,0,0,0,0,0,0
,C. Vea'ila,,CRO,0,0,0,0,0,0,,0,0,0,0,0,0,0,0,0,0,0,0,0,0,0
,S. Drinkwater,,NQL,24,24,1911,10,25,29,93,2,100,307,2664,9,99,27,111,2611,124,48,40,8,0,0
,C. Hess,,NQL,24,9,946,1,0,0,,0,4,184,1721,1,25,11,0,0,531,28,4,3,0,0
,H. Luki,,NQL,24,24,1908,11,2,0,,0,44,259,2313,14,60,1,0,0,900,56,14,17,1,0
,J. Purdue,,NQL,24,24,1914,9,9,0,,0,36,278,2466,17,99,14,16,247,391,70,24,10,1,0
,T. Chester,,NQL,23,23,1839,11,2,0,,0,44,367,3457,19,94,13,3,29,337,84,22,17,1,0
,J. Clifford,,NQL,23,23,1844,9,14,53,67,1,144,128,1165,11,54,20,199,6617,348,72,25,13,0,0
,J. Taumalolo,,NQL,23,22,1066,2,4,0,,0,8,304,3166,4,58,20,0,0,426,47,7,3,1,0
,G. Neame,,NQL,22,8,789,0,0,0,,0,0,180,1566,0,12,2,0,0,446,73,5,7,0,0
,R. Cotter,,NQL,21,21,1358,3,0,0,,0,12,170,1424,2,19,3,0,0,786,84,6,7,3,0
,R. Mahoney,,NQL,21,21,1259,4,3,0,,0,16,63,579,6,19,2,31,915,690,61,17,7,0,0
,T. Mikaele,,NQL,21,9,898,0,0,0,,0,0,264,2499,0,44,26,0,0,397,21,13,6,0,0
,B. Burns,,NQL,20,20,1558,15,2,0,,0,60,367,3250,17,103,27,0,0,103,45,25,8,1,0
,Z. Laybutt,,NQL,19,18,1422,2,1,0,,0,8,206,1628,6,36,4,3,62,182,37,15,2,0,0
,S. Luke,,NQL,18,3,632,2,1,0,,0,8,49,424,2,14,3,9,67,324,36,8,3,0,0
,M. Taulagi,,NQL,17,17,1340,11,1,0,,0,44,269,2303,11,48,13,2,28,102,44,11,3,0,0
,M. Lodge,,NQL,15,3,378,0,0,0,,0,0,111,898,0,22,14,1,12,182,15,2,3,1,0
,S. McIntyre,,NQL,15,10,866,1,1,0,,0,4,96,705,1,11,5,0,0,390,56,4,5,0,0
,T. Dearden,,NQL,13,13,1041,2,15,0,,0,8,70,679,6,40,2,74,2040,275,29,6,3,0,0
,J. Nanai,,NQL,9,8,652,4,0,0,,0,16,92,850,2,25,2,0,0,230,23,5,3,0,0
,K. O'Donnell,,NQL,7,5,365,0,0,0,,0,0,49,396,0,2,1,0,0,160,15,1,1,1,0
,J. Bateman,,NQL,6,1,243,1,2,0,,0,4,44,358,2,6,3,1,6,105,11,2,1,0,0
,E. King,,NQL,5,0,101,0,0,0,,0,0,13,101,0,7,0,0,0,35,5,1,1,0,0
,L. Sutton,,NQL,4,4,320,2,2,0,,0,8,29,235,2,10,3,8,137,114,15,4,1,0,0
,W. Greig,,NQL,3,0,33,0,0,0,,0,0,11,107,0,1,3,0,0,20,4,0,1,0,0
,R. Derby,,NQL,2,2,160,0,0,0,,0,0,34,311,0,3,0,0,0,17,10,2,0,0,0
,K. Lahrs,,NQL,2,0,56,0,0,0,,0,0,11,124,0,3,0,0,0,32,3,0,0,0,0
,X. Kerrisk,,NQL,1,0,8,0,0,0,,0,0,0,0,0,0,0,0,0,5,2,0,0,0,0
,V. Vailea,,NQL,0,0,0,0,0,0,,0,0,0,0,0,0,0,0,0,0,0,0,0,0,0
,T. Jenkins,,PEN,24,24,1916,30,6,0,,0,120,442,4146,38,128,18,16,181,122,25,32,5,1,0
,M. Leota,,PEN,24,24,1004,1,1,0,,0,4,258,2211,2,25,16,1,13,508,44,7,6,0,0
,L. Smith,,PEN,24,23,1243,3,3,0,,0,12,253,1917,2,30,18,1,13,679,34,5,10,1,0
,I. Papali'i,,PEN,23,23,1682,3,3,0,,0,12,339,2524,3,51,38,3,34,706,64,16,12,1,0
,S. Sorensen,,PEN,23,1,896,0,1,0,,0,0,188,1521,2,16,5,0,0,525,40,6,2,0,0
,B. To'o,,PEN,22,22,1758,15,2,0,,0,60,416,3850,18,139,5,8,79,111,52,21,3,0,0
,P. Alamoti,,PEN,21,21,1657,4,3,13,86,0,42,289,2597,10,96,26,2,40,269,55,13,3,1,0
,N. Cleary,,PEN,21,21,1670,6,30,94,84,1,213,158,1309,13,59,23,358,10821,407,75,30,8,0,0
,D. Edwards,,PEN,21,21,1681,11,10,0,,0,44,408,3857,9,117,13,10,127,122,23,23,6,0,0
,B. Phillips,,PEN,21,1,740,2,1,0,,0,8,154,1142,1,16,3,0,0,425,30,2,4,0,0
,F. Lussick,,PEN,20,17,1183,4,2,0,,0,16,62,506,5,21,3,20,650,645,40,5,1,0,0
,B. Talagi,,PEN,19,18,1461,5,8,0,,0,20,155,1270,6,42,14,46,1089,390,70,19,1,0,0
,C. McLean,,PEN,18,18,1376,11,5,0,,0,44,258,2274,14,58,11,5,59,256,65,9,1,1,0
,I. Yeo,,PEN,18,17,1178,2,2,0,,0,8,202,1750,1,35,15,0,0,582,16,8,4,0,0
,L. Garner,,PEN,17,8,834,3,1,0,,0,12,130,1126,3,34,5,3,31,350,41,7,4,0,0
,J. Cogger,,PEN,16,6,698,1,6,0,,0,4,47,368,0,8,3,54,1309,278,46,9,4,3,0
,L. Martin,,PEN,16,16,1034,7,2,0,,0,28,165,1233,6,40,17,0,0,421,49,12,7,1,0
,L. Henry,,PEN,15,8,680,4,0,0,,0,16,190,1599,6,21,0,1,14,416,29,4,4,1,0
,I. Tago,,PEN,15,9,848,3,3,0,,0,12,148,1347,4,44,10,3,28,221,24,10,6,0,0
,B. Scott,,PEN,8,0,168,0,0,0,,0,0,6,55,0,0,0,1,7,100,6,2,2,0,0
,M. Kenny,,PEN,7,7,447,0,3,0,,0,0,8,61,0,1,1,0,0,200,11,0,2,1,0
,L. Patea,,PEN,5,0,111,0,0,0,,0,0,39,304,1,10,4,0,0,60,5,3,0,0,0
,J. Cole,,PEN,4,4,310,0,5,0,,0,0,24,192,0,3,2,20,484,89,13,1,1,1,0
,K. Going,,PEN,4,0,108,0,0,0,,0,0,21,151,0,1,0,0,0,54,6,2,0,0,0
,J. Edgar,,PEN,3,3,227,2,0,0,,0,8,34,267,3,13,0,0,0,11,6,2,1,0,0
,Z. Clarke,,PEN,0,0,0,0,0,0,,0,0,0,0,0,0,0,0,0,0,0,0,0,0,0
,J. Fonua,,PEN,0,0,0,0,0,0,,0,0,0,0,0,0,0,0,0,0,0,0,0,0,0
,D. Cherry-Evans,,SYD,23,23,1840,6,14,0,,2,26,113,767,5,32,16,259,8260,483,51,16,5,0,0
,C. Watson,,SYD,23,5,989,1,2,0,,0,4,141,1186,0,37,9,7,95,580,31,13,6,0,0
,N. Whyte,,SYD,23,23,1213,0,0,0,,0,0,370,3569,3,79,27,0,0,478,42,10,7,0,0
,S. Wong,,SYD,23,22,1782,4,2,0,,0,16,296,2418,1,51,19,3,88,827,72,14,12,0,0
,N. Butcher,,SYD,22,9,1134,1,1,0,,0,4,302,2533,2,24,7,2,10,642,19,2,10,0,0
,S. Foketi,,SYD,22,8,863,3,0,0,,0,12,140,1204,3,34,8,0,0,373,17,2,6,0,0
,S. Walker,,SYD,21,21,1650,10,22,77,71,1,195,121,1013,9,40,19,184,3976,316,65,19,11,1,0
,S. Leniu,,SYD,20,9,646,0,0,0,,0,0,166,1507,0,51,5,0,0,280,23,5,4,0,0
,R. Toia,,SYD,20,20,1598,12,5,0,,0,48,217,2007,16,101,12,1,5,386,65,16,9,0,0
,M. Nawaqanitawase,,SYD,19,19,1467,15,5,0,,0,60,313,2866,15,81,24,9,69,72,21,33,4,0,0
,R. Robson,,SYD,19,18,1411,3,4,0,,0,12,85,941,4,32,5,8,21,732,58,10,6,0,0
,H. Savala,,SYD,19,17,1398,8,9,5,71,0,42,166,1313,6,36,14,10,268,298,39,13,5,0,0
,L. Collins,,SYD,17,12,657,1,0,0,,0,4,133,1180,1,14,2,1,8,363,34,6,6,0,0
,J. Tedesco,,SYD,17,17,1320,11,19,0,,0,44,277,2844,16,105,25,13,117,52,10,9,3,0,0
,E. Butcher,,SYD,16,4,474,1,0,0,,0,4,94,806,0,13,3,0,0,273,19,4,5,0,0
,V. Radley,,SYD,16,16,923,1,0,0,,0,4,137,1124,0,12,2,2,27,486,48,8,14,0,0
,B. Smith,,SYD,14,14,1081,12,2,0,,0,48,236,1921,18,55,14,0,0,125,24,8,2,0,0
,D. Tupou,,SYD,14,14,991,13,0,0,,0,52,200,1971,11,39,6,2,3,21,12,10,0,0,0
,A. Crichton,,SYD,13,13,1015,2,0,0,,0,8,160,1282,1,29,15,0,0,364,42,8,6,0,0
,C. Ramsey,,SYD,12,10,878,2,9,2,100,0,12,171,1780,10,51,1,3,37,47,18,12,0,0,0
392,B. Ioelu,,SYD,5,3,245,0,2,0,,0,0,14,143,2,6,1,5,203,146,13,2,1,0,0
392,J. Pauga,,SYD,5,4,368,0,0,0,,0,0,52,445,2,11,2,2,41,65,15,7,0,0,0
392,T. Talau,,SYD,5,4,347,1,1,0,,0,4,71,641,3,20,1,0,0,40,8,6,2,0,0
423,R. Bassingthwaighte,,SYD,3,2,166,3,0,0,,0,12,30,239,1,2,0,0,0,15,11,3,0,0,0
423,B. Steep,,SYD,3,1,68,0,0,0,,0,0,7,42,0,0,2,0,0,59,0,1,0,0,0
444,R. Foley,,SYD,2,2,69,0,0,0,,0,0,4,20,0,0,0,0,0,25,7,2,0,0,0
444,T. Losalu,,SYD,2,1,75,0,0,0,,0,0,15,157,0,3,1,0,0,36,2,2,0,0,0
444,T. Rodwell,Toby Rodwell,SYD,2,1,103,1,0,2,40,0,8,8,70,1,4,1,8,299,33,8,6,0,0,0
465,H. Barton,,SYD,1,0,37,0,0,0,,0,0,7,55,0,2,0,0,0,26,0,0,0,0,0
465,T. Rodwell,Tom Rodwell,SYD,1,0,19,0,0,0,,0,0,4,33,0,1,0,0,0,0,0,0,0,0,0
465,D. Va'a,,SYD,1,0,27,0,0,0,,0,0,3,28,0,0,0,0,0,14,2,0,0,1,0
465,A. Warwick,,SYD,1,0,45,0,0,0,,0,0,7,48,0,0,1,0,0,34,3,0,0,0,0
509,J. Elliott,,SYD,0,0,0,0,0,0,,0,0,0,0,0,0,0,0,0,0,0,0,0,0,0
509,L. Lee,,SYD,0,0,0,0,0,0,,0,0,0,0,0,0,0,0,0,0,0,0,0,0,0
