date,home,away,home_games_before,away_games_before,home_win_streak,away_win_streak,home_last5_win_pct,away_last5_win_pct,home_last8_win_pct,away_last8_win_pct,home_last5_avg_margin,away_last5_avg_margin,home_last8_avg_margin,away_last8_avg_margin,momentum_streak_edge_home,momentum_last5_win_pct_edge_home,momentum_last8_win_pct_edge_home,momentum_last5_margin_edge_home,momentum_last8_margin_edge_home,home_players_retained,away_players_retained,home_lineup_changes,away_lineup_changes,home_retention_pct,away_retention_pct,home_spine_players_retained,away_spine_players_retained,home_spine_changes,away_spine_changes,home_spine_retention_pct,away_spine_retention_pct,continuity_retention_edge_home,continuity_spine_retention_edge_home,home_nrl_games_total,away_nrl_games_total,home_spine_nrl_games,away_spine_nrl_games,home_finals_games_total,away_finals_games_total,home_origin_games_total,away_origin_games_total,home_test_games_total,away_test_games_total,home_super_league_games_total,away_super_league_games_total,experience_nrl_edge_home,experience_spine_edge_home,experience_finals_edge_home,experience_rep_edge_home,experience_sl_edge_home,experience_home_known_players,experience_away_known_players
2026-03-01,Bulldogs,Dragons,0,0,0,0,,,,,,,,,0,,,,,,,,,,,,,,,,,,,,,,,,,,,,,,,,,,,,0,0
2026-03-01,Knights,Cowboys,0,0,0,0,,,,,,,,,0,,,,,,,,,,,,,,,,,,,,,,,,,,,,,,,,,,,,0,0
2026-03-05,Storm,Eels,0,0,0,0,,,,,,,,,0,,,,,,,,,,,,,,,,,,,,,,,,,,,,,,,,,,,,0,0
2026-03-06,Broncos,Panthers,0,0,0,0,,,,,,,,,0,,,,,,,,,,,,,,,,,,,,,,,,,,,,,,,,,,,,0,0
2026-03-06,Warriors,Roosters,0,0,0,0,,,,,,,,,0,,,,,,,,,,,,,,,,,,,,,,,,,,,,,,,,,,,,0,0
2026-03-07,Sea Eagles,Raiders,0,0,0,0,,,,,,,,,0,,,,,,,,,,,,,,,,,,,,,,,,,,,,,,,,,,,,0,0
2026-03-07,Sharks,Titans,0,0,0,0,,,,,,,,,0,,,,,,,,,,,,,,,,,,,,,,,,,,,,,,,,,,,,0,0
2026-03-08,Dolphins,Rabbitohs,0,0,0,0,,,,,,,,,0,,,,,,,,,,,,,,,,,,,,,,,,,,,,,,,,,,,,0,0
2026-03-12,Broncos,Eels,1,1,0,0,0.0,0.0,0.0,0.0,-26.0,-48.0,-26.0,-48.0,0,0.0,0.0,22.0,22.0,,,,,,,,,,,,,,,,,,,,,,,,,,,,,,,,0,0
2026-03-13,Roosters,Rabbitohs,1,1,0,1,0.0,1.0,0.0,1.0,-24.0,10.0,-24.0,10.0,-1,-1.0,-1.0,-34.0,-34.0,,,,,,,,,,,,,,,,,,,,,,,,,,,,,,,,0,0
2026-03-13,Warriors,Raiders,1,1,1,1,1.0,1.0,1.0,1.0,24.0,1.0,24.0,1.0,0,0.0,0.0,23.0,23.0,,,,,,,,,,,,,,,,,,,,,,,,,,,,,,,,0,0
2026-03-14,Dragons,Storm,1,1,0,1,0.0,1.0,0.0,1.0,-1.0,48.0,-1.0,48.0,-1,-1.0,-1.0,-49.0,-49.0,,,,,,,,,,,,,,,,,,,,,,,,,,,,,,,,0,0
2026-03-14,Panthers,Sharks,1,1,1,1,1.0,1.0,1.0,1.0,26.0,40.0,26.0,40.0,0,0.0,0.0,-14.0,-14.0,,,,,,,,,,,,,,,,,,,,,,,,,,,,,,,,0,0
2026-03-14,Wests Tigers,Cowboys,0,1,0,0,,0.0,,0.0,,-10.0,,-10.0,0,,,,,,,,,,,,,,,,,,,,,,,,,,,,,,,,,,,,0,0
2026-03-15,Dolphins,Titans,1,1,0,0,0.0,0.0,0.0,0.0,-10.0,-40.0,-10.0,-40.0,0,0.0,0.0,30.0,30.0,,,,,,,,,,,,,,,,,,,,,,,,,,,,,,,,0,0
2026-03-15,Sea Eagles,Knights,1,1,0,1,0.0,1.0,0.0,1.0,-1.0,10.0,-1.0,10.0,-1,-1.0,-1.0,-11.0,-11.0,,,,,,,,,,,,,,,,,,,,,,,,,,,,,,,,0,0
2026-03-19,Raiders,Bulldogs,2,1,0,1,0.5,1.0,0.5,1.0,-16.5,1.0,-16.5,1.0,-1,-0.5,-0.5,-17.5,-17.5,,,,,,,,,,,,,,,,,,,,,,,,,,,,,,,,0,0
2026-03-20,Roosters,Panthers,2,2,1,2,0.5,1.0,0.5,1.0,-8.0,23.0,-8.0,23.0,-1,-0.5,-0.5,-31.0,-31.0,,,,,,,,,,,,,,,,,,,,,,,,,,,,,,,,0,0
2026-03-20,Storm,Broncos,2,2,2,0,1.0,0.0,1.0,0.0,37.0,-17.0,37.0,-17.0,2,1.0,1.0,54.0,54.0,,,,,,,,,,,,,,,,,,,,,,,,,,,,,,,,0,0
2026-03-21,Knights,Warriors,2,2,2,2,1.0,1.0,1.0,1.0,15.0,29.0,15.0,29.0,0,0.0,0.0,-14.0,-14.0,,,,,,,,,,,,,,,,,,,,,,,,,,,,,,,,0,0
2026-03-21,Rabbitohs,Wests Tigers,2,1,0,1,0.5,1.0,0.5,1.0,1.0,28.0,1.0,28.0,-1,-0.5,-0.5,-27.0,-27.0,,,,,,,,,,,,,,,,,,,,,,,,,,,,,,,,0,0
2026-03-21,Sharks,Dolphins,2,2,0,1,0.5,0.5,0.5,0.5,10.0,-3.0,10.0,-3.0,-1,0.0,0.0,13.0,13.0,,,,,,,,,,,,,,,,,,,,,,,,,,,,,,,,0,0
2026-03-22,Cowboys,Titans,2,2,0,0,0.0,0.0,0.0,0.0,-19.0,-22.0,-19.0,-22.0,0,0.0,0.0,3.0,3.0,,,,,,,,,,,,,,,,,,,,,,,,,,,,,,,,0,0
2026-03-22,Eels,Dragons,2,2,1,0,0.5,0.0,0.5,0.0,-20.0,-13.5,-20.0,-13.5,1,0.5,0.5,-6.5,-6.5,,,,,,,,,,,,,,,,,,,,,,,,,,,,,,,,0,0
2026-03-26,Sea Eagles,Roosters,2,3,0,0,0.0,0.3333333333333333,0.0,0.3333333333333333,-10.5,-17.333333333333332,-10.5,-17.333333333333332,0,-0.3333333333333333,-0.3333333333333333,6.833333333333332,6.833333333333332,,,,,,,,,,,,,,,,,,,,,,,,,,,,,,,,0,0
2026-03-27,Broncos,Dolphins,3,3,1,2,0.3333333333333333,0.6666666666666666,0.3333333333333333,0.6666666666666666,-10.0,7.333333333333333,-10.0,7.333333333333333,-1,-0.3333333333333333,-0.3333333333333333,-17.333333333333332,-17.333333333333332,,,,,,,,,,,,,,,,,,,,,,,,,,,,,,,,0,0
2026-03-27,Warriors,Wests Tigers,3,2,3,0,1.0,0.5,1.0,0.5,28.0,12.0,28.0,12.0,3,0.5,0.5,16.0,16.0,,,,,,,,,,,,,,,,,,,,,,,,,,,,,,,,0,0
2026-03-28,Bulldogs,Knights,2,3,2,0,1.0,0.6666666666666666,1.0,0.6666666666666666,2.5,1.3333333333333333,2.5,1.3333333333333333,2,0.33333333333333337,0.33333333333333337,1.1666666666666667,1.1666666666666667,,,,,,,,,,,,,,,,,,,,,,,,,,,,,,,,0,0
2026-03-28,Cowboys,Storm,3,3,1,0,0.3333333333333333,0.6666666666666666,0.3333333333333333,0.6666666666666666,-8.0,23.333333333333332,-8.0,23.333333333333332,1,-0.3333333333333333,-0.3333333333333333,-31.333333333333332,-31.333333333333332,,,,,,,,,,,,,,,,,,,,,,,,,,,,,,,,0,0
2026-03-28,Panthers,Eels,3,3,3,2,1.0,0.6666666666666666,1.0,0.6666666666666666,27.333333333333332,-10.0,27.333333333333332,-10.0,1,0.33333333333333337,0.33333333333333337,37.33333333333333,37.33333333333333,,,,,,,,,,,,,,,,,,,,,,,,,,,,,,,,0,0
2026-03-29,Raiders,Sharks,3,3,0,0,0.3333333333333333,0.3333333333333333,0.3333333333333333,0.3333333333333333,-12.333333333333334,-2.6666666666666665,-12.333333333333334,-2.6666666666666665,0,0.0,0.0,-9.666666666666668,-9.666666666666668,,,,,,,,,,,,,,,,,,,,,,,,,,,,,,,,0,0
2026-03-29,Titans,Dragons,3,3,0,0,0.0,0.0,0.0,0.0,-19.333333333333332,-12.333333333333334,-19.333333333333332,-12.333333333333334,0,0.0,0.0,-6.999999999999998,-6.999999999999998,,,,,,,,,,,,,,,,,,,,,,,,,,,,,,,,0,0
2026-04-02,Dolphins,Sea Eagles,4,3,0,0,0.5,0.0,0.5,0.0,2.0,-12.666666666666666,2.0,-12.666666666666666,0,0.5,0.5,14.666666666666666,14.666666666666666,,,,,,,,,,,,,,,,,,,,,,,,,,,,,,,,0,0
2026-04-03,Panthers,Storm,4,4,4,0,1.0,0.5,1.0,0.5,27.5,16.5,27.5,16.5,4,0.5,0.5,11.0,11.0,,,,,,,,,,,,,,,,,,,,,,,,,,,,,,,,0,0
2026-04-03,Rabbitohs,Bulldogs,3,3,1,0,0.6666666666666666,0.6666666666666666,0.6666666666666666,0.6666666666666666,2.0,-1.0,2.0,-1.0,1,0.0,0.0,3.0,3.0,,,,,,,,,,,,,,,,,,,,,,,,,,,,,,,,0,0
2026-04-04,Dragons,Cowboys,4,4,0,2,0.0,0.5,0.0,0.5,-11.25,-5.0,-11.25,-5.0,-2,-0.5,-0.5,-6.25,-6.25,,,,,,,,,,,,,,,,,,,,,,,,,,,,,,,,0,0
2026-04-04,Titans,Broncos,4,4,1,2,0.25,0.5,0.25,0.5,-12.5,-4.0,-12.5,-4.0,-1,-0.25,-0.25,-8.5,-8.5,,,,,,,,,,,,,,,,,,,,,,,,,,,,,,,,0,0
2026-04-05,Knights,Raiders,4,4,1,0,0.75,0.25,0.75,0.25,3.0,-12.25,3.0,-12.25,1,0.5,0.5,15.25,15.25,,,,,,,,,,,,,,,,,,,,,,,,,,,,,,,,0,0
2026-04-05,Sharks,Warriors,4,4,1,0,0.5,0.75,0.5,0.75,1.0,16.5,1.0,16.5,1,-0.25,-0.25,-15.5,-15.5,,,,,,,,,,,,,,,,,,,,,,,,,,,,,,,,0,0
2026-04-06,Eels,Wests Tigers,4,3,0,1,0.5,0.6666666666666666,0.5,0.6666666666666666,-14.5,14.0,-14.5,14.0,-1,-0.16666666666666663,-0.16666666666666663,-28.5,-28.5,,,,,,,,,,,,,,,,,,,,,,,,,,,,,,,,0,0
2026-04-09,Bulldogs,Panthers,4,5,0,5,0.5,1.0,0.5,1.0,-2.75,30.0,-2.75,30.0,-5,-0.5,-0.5,-32.75,-32.75,,,,,,,,,,,,,,,,,,,,,,,,,,,,,,,,0,0
2026-04-10,Broncos,Cowboys,5,5,3,3,0.6,0.6,0.6,0.6,-0.4,2.4,-0.4,2.4,0,0.0,0.0,-2.8,-2.8,,,,,,,,,,,,,,,,,,,,,,,,,,,,,,,,0,0
2026-04-10,Dragons,Sea Eagles,5,4,0,1,0.0,0.25,0.0,0.25,-15.4,-1.0,-15.4,-1.0,-1,-0.25,-0.25,-14.4,-14.4,,,,,,,,,,,,,,,,,,,,,,,,,,,,,,,,0,0
2026-04-11,Rabbitohs,Raiders,4,5,2,0,0.75,0.2,0.75,0.2,3.5,-13.8,3.5,-13.8,2,0.55,0.55,17.3,17.3,,,,,,,,,,,,,,,,,,,,,,,,,,,,,,,,0,0
2026-04-11,Sharks,Roosters,5,4,2,1,0.6,0.5,0.6,0.5,3.6,-8.75,3.6,-8.75,1,0.09999999999999998,0.09999999999999998,12.35,12.35,,,,,,,,,,,,,,,,,,,,,,,,,,,,,,,,0,0
2026-04-11,Storm,Warriors,5,5,0,0,0.4,0.6,0.4,0.6,5.2,10.4,5.2,10.4,0,-0.19999999999999996,-0.19999999999999996,-5.2,-5.2,,,,,,,,,,,,,,,,,,,,,,,,,,,,,,,,0,0
2026-04-12,Eels,Titans,5,5,0,0,0.4,0.2,0.4,0.2,-12.0,-12.8,-12.0,-12.8,0,0.2,0.2,0.8000000000000007,0.8000000000000007,,,,,,,,,,,,,,,,,,,,,,,,,,,,,,,,0,0
2026-04-12,Wests Tigers,Knights,4,5,2,2,0.75,0.8,0.75,0.8,11.0,6.4,11.0,6.4,0,-0.050000000000000044,-0.050000000000000044,4.6,4.6,,,,,,,,,,,,,,,,,,,,,,,,,,,,,,,,0,0
2026-04-16,Cowboys,Sea Eagles,6,5,4,2,0.8,0.4,0.6666666666666666,0.4,5.2,1.2,2.6666666666666665,1.2,2,0.4,0.2666666666666666,4.0,1.4666666666666666,,,,,,,,,,,,,,,,,,,,,,,,,,,,,,,,0,0
2026-04-17,Dolphins,Panthers,5,6,0,0,0.4,0.8,0.4,0.8333333333333334,-5.2,21.6,-5.2,22.333333333333332,0,-0.4,-0.43333333333333335,-26.8,-27.53333333333333,,,,,,,,,,,,,,,,,,,,,,,,,,,,,,,,0,0
2026-04-17,Raiders,Storm,6,6,1,0,0.2,0.2,0.3333333333333333,0.3333333333333333,-13.6,-9.2,-11.166666666666666,0.3333333333333333,1,0.0,0.0,-4.4,-11.5,,,,,,,,,,,,,,,,,,,,,,,,,,,,,,,,0,0
2026-04-18,Rabbitohs,Dragons,5,6,0,0,0.6,0.0,0.6,0.0,2.4,-17.2,2.4,-14.5,0,0.6,0.6,19.599999999999998,16.9,,,,,,,,,,,,,,,,,,,,,,,,,,,,,,,,0,0
2026-04-18,Warriors,Titans,6,6,1,1,0.6,0.4,0.6666666666666666,0.3333333333333333,10.4,3.6,12.666666666666666,-3.6666666666666665,0,0.19999999999999996,0.3333333333333333,6.800000000000001,16.333333333333332,,,,,,,,,,,,,,,,,,,,,,,,,,,,,,,,0,0
2026-04-18,Wests Tigers,Broncos,5,6,3,0,0.8,0.6,0.8,0.5,12.8,4.0,12.8,-1.0,3,0.20000000000000007,0.30000000000000004,8.8,13.8,,,,,,,,,,,,,,,,,,,,,,,,,,,,,,,,0,0
2026-04-19,Eels,Bulldogs,6,5,0,1,0.4,0.6,0.3333333333333333,0.6,-10.8,1.0,-17.0,1.0,-1,-0.19999999999999996,-0.26666666666666666,-11.8,-18.0,,,,,,,,,,,,,,,,,,,,,,,,,,,,,,,,0,0
2026-04-19,Roosters,Knights,5,6,2,0,0.6,0.6,0.6,0.6666666666666666,-4.6,0.4,-4.6,2.0,2,0.0,-0.06666666666666665,-5.0,-6.6,,,,,,,,,,,,,,,,,,,,,,,,,,,,,,,,0,0
2026-04-23,Wests Tigers,Raiders,6,7,0,2,0.6,0.4,0.6666666666666666,0.42857142857142855,7.0,-6.0,10.5,-9.0,-2,0.19999999999999996,0.23809523809523808,13.0,19.5,,,,,,,,,,,,,,,,,,,,,,,,,,,,,,,,0,0
2026-04-24,Broncos,Bulldogs,7,6,1,0,0.8,0.4,0.5714285714285714,0.5,5.8,-2.8,-0.7142857142857143,-2.1666666666666665,1,0.4,0.0714285714285714,8.6,1.452380952380952,,,,,,,,,,,,,,,,,,,,,,,,,,,,,,,,0,0
2026-04-24,Cowboys,Sharks,7,6,0,0,0.8,0.4,0.5714285714285714,0.5,4.4,-6.8,-2.2857142857142856,1.0,0,0.4,0.0714285714285714,11.2,-3.2857142857142856,,,,,,,,,,,,,,,,,,,,,,,,,,,,,,,,0,0
2026-04-25,Dragons,Roosters,7,6,0,3,0.0,0.8,0.0,0.6666666666666666,-15.6,3.0,-15.0,-1.5,-3,-0.8,-0.6666666666666666,-18.6,-13.5,,,,,,,,,,,,,,,,,,,,,,,,,,,,,,,,0,0
2026-04-25,Storm,Rabbitohs,7,6,0,1,0.0,0.6,0.2857142857142857,0.6666666666666666,-15.2,4.0,-0.2857142857142857,5.0,-1,-0.6,-0.38095238095238093,-19.2,-5.285714285714286,,,,,,,,,,,,,,,,,,,,,,,,,,,,,,,,0,0
2026-04-25,Warriors,Dolphins,7,6,2,0,0.6,0.4,0.7142857142857143,0.3333333333333333,5.2,-3.4,12.0,-4.5,2,0.19999999999999996,0.380952380952381,8.6,16.5,,,,,,,,,,,,,,,,,,,,,,,,,,,,,,,,0,0
2026-04-26,Knights,Panthers,7,7,0,1,0.4,0.8,0.5714285714285714,0.8571428571428571,-6.4,17.8,-0.2857142857142857,19.285714285714285,-1,-0.4,-0.2857142857142857,-24.200000000000003,-19.57142857142857,,,,,,,,,,,,,,,,,,,,,,,,,,,,,,,,0,0
2026-04-26,Sea Eagles,Eels,6,7,3,1,0.6,0.4,0.5,0.42857142857142855,7.8,-8.8,6.333333333333333,-12.0,2,0.19999999999999996,0.07142857142857145,16.6,18.333333333333332,,,,,,,,,,,,,,,,,,,,,,,,,,,,,,,,0,0
2026-05-01,Bulldogs,Cowboys,7,8,0,1,0.2,0.8,0.42857142857142855,0.625,-7.6,4.0,-4.714285714285714,-0.5,-1,-0.6000000000000001,-0.19642857142857145,-11.6,-4.214285714285714,,,,,,,,,,,,,,,,,,,,,,,,,,,,,,,,0,0
2026-05-01,Dolphins,Storm,7,8,1,0,0.4,0.0,0.42857142857142855,0.25,5.0,-22.8,2.7142857142857144,-5.5,1,0.4,0.17857142857142855,27.8,8.214285714285715,,,,,,,,,,,,,,,,,,,,,,,,,,,,,,,,0,0
2026-05-02,Eels,Warriors,8,8,0,0,0.2,0.4,0.375,0.625,-13.8,-9.2,-12.375,4.75,0,-0.2,-0.25,-4.600000000000001,-17.125,,,,,,,,,,,,,,,,,,,,,,,,,,,,,,,,0,0
2026-05-02,Roosters,Broncos,7,8,4,2,0.8,0.8,0.7142857142857143,0.625,10.6,9.0,5.285714285714286,1.875,2,0.0,0.0892857142857143,1.5999999999999996,3.4107142857142856,,,,,,,,,,,,,,,,,,,,,,,,,,,,,,,,0,0
2026-05-02,Titans,Raiders,7,8,0,0,0.4,0.4,0.2857142857142857,0.375,2.8,-9.0,-4.285714285714286,-10.25,0,0.0,-0.0892857142857143,11.8,5.964285714285714,,,,,,,,,,,,,,,,,,,,,,,,,,,,,,,,0,0
2026-05-03,Knights,Rabbitohs,8,7,0,2,0.4,0.8,0.5,0.7142857142857143,-7.6,14.0,-4.25,10.285714285714286,-2,-0.4,-0.2142857142857143,-21.6,-14.535714285714286,,,,,,,,,,,,,,,,,,,,,,,,,,,,,,,,0,0
2026-05-03,Knights,Souths,8,0,0,0,0.4,,0.5,,-7.6,,-4.25,,0,,,,,,,,,,,,,,,,,,,,,,,,,,,,,,,,,,,,0,0
2026-05-03,Panthers,Sea Eagles,8,7,2,4,0.8,0.8,0.875,0.5714285714285714,17.0,14.8,20.875,7.571428571428571,-2,0.0,0.3035714285714286,2.1999999999999993,13.303571428571429,,,,,,,,,,,,,,,,,,,,,,,,,,,,,,,,0,0
2026-05-03,Sharks,Wests Tigers,7,7,0,1,0.4,0.8,0.42857142857142855,0.7142857142857143,-5.2,11.6,-0.8571428571428571,11.714285714285714,-1,-0.4,-0.28571428571428575,-16.8,-12.571428571428571,,,,,,,,,,,,,,,,,,,,,,,,,,,,,,,,0,0
2026-05-07,Dolphins,Bulldogs,8,8,2,0,0.4,0.2,0.5,0.375,3.0,-9.2,4.625,-6.125,2,0.2,0.125,12.2,10.75,,,,,,,,,,,,,,,,,,,,,,,,,,,,,,,,0,0
2026-05-08,Cowboys,Eels,9,9,2,0,0.8,0.2,0.75,0.375,6.4,-12.6,2.75,-9.125,2,0.6000000000000001,0.375,19.0,11.875,,,,,,,,,,,,,,,,,,,,,,,,,,,,,,,,0,0
2026-05-08,Roosters,Titans,8,8,5,0,1.0,0.4,0.75,0.25,20.6,2.4,6.375,-5.75,5,0.6,0.5,18.200000000000003,12.125,,,,,,,,,,,,,,,,,,,,,,,,,,,,,,,,0,0
2026-05-09,Dragons,Knights,8,10,0,2,0.0,0.4,0.0,0.5,-22.8,-3.6,-18.875,-2.0,-2,-0.4,-0.5,-19.2,-16.875,,,,,,,,,,,,,,,,,,,,,,,,,,,,,,,,0,0
2026-05-09,Rabbitohs,Sharks,8,8,0,1,0.6,0.6,0.625,0.5,8.4,8.8,6.0,4.5,-1,0.0,0.125,-0.40000000000000036,1.5,,,,,,,,,,,,,,,,,,,,,,,,,,,,,,,,0,0
2026-05-09,Sea Eagles,Broncos,8,9,0,0,0.8,0.6,0.5,0.625,17.8,3.4,6.375,3.375,0,0.20000000000000007,-0.125,14.4,3.0,,,,,,,,,,,,,,,,,,,,,,,,,,,,,,,,0,0
2026-05-10,Raiders,Panthers,9,9,1,3,0.6,0.8,0.375,0.875,-3.4,11.8,-8.375,17.875,-2,-0.20000000000000007,-0.5,-15.200000000000001,-26.25,,,,,,,,,,,,,,,,,,,,,,,,,,,,,,,,0,0
2026-05-10,Storm,Wests Tigers,9,8,0,0,0.0,0.6,0.125,0.625,-25.6,-0.4,-13.75,5.0,0,-0.6,-0.5,-25.200000000000003,-18.75,,,,,,,,,,,,,,,,,,,,,,,,,,,,,,,,0,0
2026-05-15,Rabbitohs,Dolphins,9,9,1,3,0.6,0.6,0.625,0.625,11.6,12.2,7.75,9.875,-2,0.0,0.0,-0.5999999999999996,-2.125,,,,,,,,,,,,,,,,,,,,,,,,,,,,,,,,0,0
2026-05-15,Sharks,Bulldogs,9,9,0,0,0.4,0.2,0.375,0.25,1.6,-14.0,-3.5,-10.25,0,0.2,0.125,15.6,6.75,,,,,,,,,,,,,,,,,,,,,,,,,,,,,,,,0,0
2026-05-16,Eels,Storm,10,10,1,1,0.4,0.2,0.375,0.125,-11.6,-12.0,-9.75,-13.5,0,0.2,0.25,0.40000000000000036,3.75,,,,,,,,,,,,,,,,,,,,,,,,,,,,,,,,0,0
2026-05-16,Roosters,Cowboys,9,10,6,0,1.0,0.6,0.875,0.75,20.4,-0.6,11.375,5.875,6,0.4,0.125,21.0,5.5,,,,,,,,,,,,,,,,,,,,,,,,,,,,,,,,0,0
2026-05-16,Wests Tigers,Sea Eagles,9,9,0,1,0.4,0.8,0.5,0.625,-6.4,16.6,-2.0,10.0,-1,-0.4,-0.125,-23.0,-12.0,,,,,,,,,,,,,,,,,,,,,,,,,,,,,,,,0,0
2026-05-17,Panthers,Dragons,10,9,4,0,0.8,0.0,0.875,0.0,6.2,-28.0,16.875,-23.0,4,0.8,0.875,34.2,39.875,,,,,,,,,,,,,,,,,,,,,,,,,,,,,,,,0,0
2026-05-17,Titans,Knights,9,11,0,3,0.2,0.6,0.25,0.625,-2.4,7.2,-2.75,5.5,-3,-0.39999999999999997,-0.375,-9.6,-8.25,,,,,,,,,,,,,,,,,,,,,,,,,,,,,,,,0,0
2026-05-17,Warriors,Broncos,9,10,1,0,0.6,0.4,0.625,0.625,-1.2,-5.0,4.5,0.875,1,0.19999999999999996,0.0,3.8,3.625,,,,,,,,,,,,,,,,,,,,,,,,,,,,,,,,0,0
2026-05-21,Raiders,Dolphins,10,10,0,4,0.6,0.8,0.375,0.625,-1.8,23.4,-5.625,12.125,-4,-0.20000000000000007,-0.25,-25.2,-17.75,,,,,,,,,,,,,,,,,,,,,,,,,,,,,,,,0,0
2026-05-22,Bulldogs,Storm,10,11,0,2,0.0,0.4,0.125,0.25,-21.6,-2.0,-13.5,-9.75,-2,-0.4,-0.125,-19.6,-3.75,,,,,,,,,,,,,,,,,,,,,,,,,,,,,,,,0,0
2026-05-23,Dragons,Warriors,10,10,0,2,0.0,0.8,0.0,0.625,-26.0,7.6,-22.5,4.0,-2,-0.8,-0.625,-33.6,-26.5,,,,,,,,,,,,,,,,,,,,,,,,,,,,,,,,0,0
2026-05-23,Sea Eagles,Titans,10,10,2,0,0.8,0.2,0.75,0.25,20.2,-4.4,16.0,-5.25,2,0.6000000000000001,0.5,24.6,21.25,,,,,,,,,,,,,,,,,,,,,,,,,,,,,,,,0,0
2026-05-24,Cowboys,Rabbitohs,11,10,1,0,0.6,0.6,0.75,0.625,-0.2,7.6,4.875,6.0,1,0.0,0.125,-7.8,-1.125,,,,,,,,,,,,,,,,,,,,,,,,,,,,,,,,0,0
2026-05-29,Sharks,Sea Eagles,10,11,1,3,0.4,0.8,0.5,0.875,3.2,14.2,1.75,18.375,-2,-0.4,-0.375,-11.0,-16.625,,,,,,,,,,,,,,,,,,,,,,,,,,,,,,,,0,0
2026-05-30,Knights,Eels,12,11,4,0,0.8,0.4,0.625,0.25,14.8,-8.4,7.5,-14.25,4,0.4,0.375,23.200000000000003,21.75,,,,,,,,,,,,,,,,,,,,,,,,,,,,,,,,0,0
2026-05-30,Storm,Roosters,12,10,0,0,0.4,0.8,0.25,0.75,-3.2,16.8,-10.5,9.625,0,-0.4,-0.5,-20.0,-20.125,,,,,,,,,,,,,,,,,,,,,,,,,,,,,,,,0,0
2026-05-30,Wests Tigers,Bulldogs,10,11,0,1,0.2,0.2,0.5,0.25,-16.0,-16.0,-5.0,-11.25,-1,0.0,0.25,0.0,6.25,,,,,,,,,,,,,,,,,,,,,,,,,,,,,,,,0,0
2026-06-04,Sea Eagles,Rabbitohs,12,11,0,0,0.6,0.4,0.75,0.5,10.0,1.6,13.375,4.0,0,0.19999999999999996,0.25,8.4,9.375,,,,,,,,,,,,,,,,,,,,,,,,,,,,,,,,0,0
2026-06-05,Raiders,Roosters,11,11,0,0,0.4,0.6,0.375,0.75,-3.8,11.2,-6.125,12.375,0,-0.19999999999999996,-0.375,-15.0,-18.5,,,,,,,,,,,,,,,,,,,,,,,,,,,,,,,,0,0
2026-06-05,Storm,Knights,13,13,1,5,0.6,1.0,0.375,0.625,8.0,22.4,-3.75,5.75,-4,-0.4,-0.25,-14.399999999999999,-9.5,,,,,,,,,,,,,,,,,,,,,,,,,,,,,,,,0,0
2026-06-06,Broncos,Titans,11,11,0,0,0.4,0.0,0.5,0.25,-10.2,-13.2,-3.375,-3.75,0,0.4,0.25,3.0,0.375,,,,,,,,,,,,,,,,,,,,,,,,,,,,,,,,0,0
2026-06-06,Cowboys,Dolphins,12,11,2,5,0.8,1.0,0.75,0.625,8.6,25.2,5.875,9.625,-3,-0.19999999999999996,0.125,-16.6,-3.75,,,,,,,,,,,,,,,,,,,,,,,,,,,,,,,,0,0
2026-06-07,Sharks,Dragons,11,11,2,0,0.6,0.0,0.625,0.0,6.8,-27.6,6.0,-23.5,2,0.6,0.625,34.4,29.5,,,,,,,,,,,,,,,,,,,,,,,,,,,,,,,,0,0
2026-06-07,Wests Tigers,Pamthers,11,0,1,0,0.4,,0.5,,-14.6,,-6.5,,1,,,,,,,,,,,,,,,,,,,,,,,,,,,,,,,,,,,,0,0
2026-06-08,Bulldogs,Eels,12,12,0,0,0.2,0.2,0.25,0.25,-13.2,-13.2,-11.0,-11.5,0,0.0,0.0,0.0,0.5,,,,,,,,,,,,,,,,,,,,,,,,,,,,,,,,0,0
2026-06-11,Rabbitohs,Broncos,12,12,0,0,0.2,0.2,0.375,0.375,-9.6,-11.4,1.25,-5.75,0,0.0,0.0,1.8000000000000007,7.0,,,,,,,,,,,,,,,,,,,,,,,,,,,,,,,,0,0
2026-06-12,Dolphins,Roosters,12,12,6,1,1.0,0.6,0.75,0.75,21.2,7.2,14.625,13.5,5,0.4,0.0,14.0,1.125,,,,,,,,,,,,,,,,,,,,,,,,,,,,,,,,0,0
2026-06-13,Eels,Raiders,13,12,0,0,0.2,0.2,0.25,0.375,-10.6,-9.8,-11.5,-7.875,0,0.0,-0.125,-0.7999999999999989,-3.625,,,,,,,,,,,,,,,,,,,,,,,,,,,,,,,,0,0
2026-06-13,Warriors,Sharks,11,12,3,3,0.8,0.8,0.625,0.625,6.4,13.6,3.0,7.25,0,0.0,0.0,-7.199999999999999,-4.25,,,,,,,,,,,,,,,,,,,,,,,,,,,,,,,,0,0
2026-06-14,Wests Tigers,Titans,12,12,0,1,0.2,0.2,0.375,0.25,-32.0,-10.6,-15.25,-4.125,-1,0.0,0.125,-21.4,-11.125,,,,,,,,,,,,,,,,,,,,,,,,,,,,,,,,0,0
2026-06-19,Knights,Dragons,14,12,0,0,0.8,0.0,0.625,0.0,17.2,-28.4,8.0,-25.25,0,0.8,0.625,45.599999999999994,33.25,,,,,,,,,,,,,,,,,,,,,,,,,,,,,,,,0,0
2026-06-20,Bulldogs,Sea Eagles,13,13,1,1,0.4,0.8,0.25,0.75,-9.6,13.2,-12.75,13.875,0,-0.4,-0.5,-22.799999999999997,-26.625,,,,,,,,,,,,,,,,,,,,,,,,,,,,,,,,0,0
2026-06-20,Titans,Panthers,13,11,0,5,0.2,1.0,0.25,0.875,-9.0,13.8,-3.375,15.125,-5,-0.8,-0.625,-22.8,-18.5,,,,,,,,,,,,,,,,,,,,,,,,,,,,,,,,0,0
2026-06-20,Wests Tigers,Dolphins,13,13,1,7,0.4,1.0,0.375,0.875,-22.0,25.2,-16.75,23.625,-6,-0.6,-0.5,-47.2,-40.375,,,,,,,,,,,,,,,,,,,,,,,,,,,,,,,,0,0
2026-06-21,Roosters,Sharks,13,13,0,4,0.4,0.8,0.625,0.625,-3.2,5.6,7.25,5.75,-4,-0.4,0.0,-8.8,1.5,,,,,,,,,,,,,,,,,,,,,,,,,,,,,,,,0,0
2026-06-21,Storm,Raiders,14,13,2,0,0.8,0.2,0.5,0.375,12.0,-6.6,-0.5,-5.75,2,0.6000000000000001,0.125,18.6,5.25,,,,,,,,,,,,,,,,,,,,,,,,,,,,,,,,0,0
2026-06-21,Warriors,Cowboys,12,13,0,0,0.6,0.6,0.625,0.625,4.4,1.0,5.0,-1.375,0,0.0,0.0,3.4000000000000004,6.375,,,,,,,,,,,,,,,,,,,,,,,,,,,,,,,,0,0
2026-06-25,Eels,Rabbitohs,14,13,1,1,0.4,0.4,0.375,0.5,-5.6,3.6,-5.875,6.75,0,0.0,-0.125,-9.2,-12.625,,,,,,,,,,,,,,,,,,,,,,,,,,,,,,,,0,0
2026-06-26,Broncos,Roosters,13,14,0,1,0.0,0.4,0.25,0.625,-23.8,-2.6,-12.75,7.875,-1,-0.4,-0.375,-21.2,-20.625,,,,,,,,,,,,,,,,,,,,,,,,,,,,,,,,0,0
2026-06-26,Titans,Bulldogs,14,14,1,2,0.4,0.6,0.25,0.375,-5.6,-3.0,-8.5,-10.375,-1,-0.19999999999999996,-0.125,-2.5999999999999996,1.875,,,,,,,,,,,,,,,,,,,,,,,,,,,,,,,,0,0
2026-06-27,Cowboys,Panthers,14,12,0,0,0.4,0.8,0.5,0.75,-5.8,13.4,-4.125,11.5,0,-0.4,-0.25,-19.2,-15.625,,,,,,,,,,,,,,,,,,,,,,,,,,,,,,,,0,0
2026-06-27,Dolphins,Warriors,14,13,8,1,1.0,0.8,1.0,0.75,21.6,17.2,25.5,9.0,7,0.19999999999999996,0.25,4.400000000000002,16.5,,,,,,,,,,,,,,,,,,,,,,,,,,,,,,,,0,0
2026-06-27,Sea Eagles,Storm,14,15,0,3,0.6,0.8,0.625,0.625,7.4,10.8,9.75,2.75,-3,-0.20000000000000007,0.0,-3.4000000000000004,7.0,,,,,,,,,,,,,,,,,,,,,,,,,,,,,,,,0,0
2026-06-28,Knights,Wests Tigers,15,14,1,0,0.8,0.4,0.75,0.375,12.8,-19.2,10.0,-18.375,1,0.4,0.375,32.0,28.375,,,,,,,,,,,,,,,,,,,,,,,,,,,,,,,,0,0
2026-06-28,Raiders,Dragons,14,13,0,0,0.0,0.0,0.25,0.0,-14.2,-19.6,-8.75,-21.5,0,0.0,0.25,5.400000000000002,12.75,,,,,,,,,,,,,,,,,,,,,,,,,,,,,,,,0,0
2026-07-03,Panthers,Rabbitohs,13,14,0,2,0.6,0.4,0.625,0.5,4.2,2.8,4.75,7.0,-2,0.19999999999999996,0.125,1.4000000000000004,-2.25,,,,,,,,,,,,,,,,,,,,,,,,,,,,,,,,0,0
2026-07-04,Broncos,Sharks,14,14,0,0,0.0,0.8,0.25,0.625,-22.2,6.6,-13.0,4.875,0,-0.8,-0.375,-28.799999999999997,-17.875,,,,,,,,,,,,,,,,,,,,,,,,,,,,,,,,0,0
2026-07-04,Dragons,Wests Tigers,14,15,0,0,0.0,0.4,0.0,0.25,-14.4,-14.8,-21.25,-21.5,0,-0.4,-0.25,0.40000000000000036,0.25,,,,,,,,,,,,,,,,,,,,,,,,,,,,,,,,0,0
2026-07-05,Eels,Sea Eagles,15,15,0,1,0.2,0.6,0.25,0.625,-10.2,7.0,-10.625,11.125,-1,-0.39999999999999997,-0.375,-17.2,-21.75,,,,,,,,,,,,,,,,,,,,,,,,,,,,,,,,0,0
2026-07-05,Knights,Dolphins,16,15,2,9,0.8,1.0,0.875,1.0,7.2,17.6,14.75,20.0,-7,-0.19999999999999996,-0.125,-10.400000000000002,-5.25,,,,,,,,,,,,,,,,,,,,,,,,,,,,,,,,0,0
2026-07-10,Wests Tigers,Warriors,16,14,0,0,0.2,0.6,0.25,0.625,-18.8,12.4,-18.0,5.75,0,-0.39999999999999997,-0.375,-31.200000000000003,-23.75,,,,,,,,,,,,,,,,,,,,,,,,,,,,,,,,0,0
2026-07-11,Bulldogs,Raiders,15,15,3,1,0.8,0.2,0.5,0.25,5.0,-10.2,-5.625,-8.25,2,0.6000000000000001,0.25,15.2,2.625,,,,,,,,,,,,,,,,,,,,,,,,,,,,,,,,0,0
2026-07-11,Dolphins,Sharks,16,15,0,1,0.8,0.8,0.875,0.75,15.8,4.6,17.625,7.875,-1,0.0,0.125,11.200000000000001,9.75,,,,,,,,,,,,,,,,,,,,,,,,,,,,,,,,0,0
2026-07-11,Roosters,Eels,15,16,2,1,0.6,0.4,0.625,0.375,-0.2,-3.2,2.875,-7.625,1,0.19999999999999996,0.25,3.0,10.5,,,,,,,,,,,,,,,,,,,,,,,,,,,,,,,,0,0
2026-07-12,Rabbitohs,Knights,15,17,0,3,0.4,0.8,0.375,0.875,2.8,2.6,-1.0,11.875,-3,-0.4,-0.5,0.19999999999999973,-12.875,,,,,,,,,,,,,,,,,,,,,,,,,,,,,,,,0,0
2026-07-12,Sea Eagles,Cowboys,16,15,0,1,0.4,0.6,0.625,0.625,4.8,-2.4,10.25,1.625,-1,-0.19999999999999996,0.0,7.199999999999999,8.625,,,,,,,,,,,,,,,,,,,,,,,,,,,,,,,,0,0
2026-07-12,Storm,Titans,16,15,0,0,0.6,0.4,0.625,0.25,0.4,-4.4,4.75,-9.75,0,0.19999999999999996,0.375,4.800000000000001,14.5,,,,,,,,,,,,,,,,,,,,,,,,,,,,,,,,0,0
2026-07-16,Panthers,Broncos,14,15,1,0,0.6,0.0,0.75,0.125,8.2,-19.0,9.5,-14.625,1,0.6,0.625,27.2,24.125,,,,,,,,,,,,,,,,,,,,,,,,,,,,,,,,0,0
2026-07-16,Pathers,Broncos,0,15,0,0,,0.0,,0.125,,-19.0,,-14.625,0,,,,,,,,,,,,,,,,,,,,,,,,,,,,,,,,,,,,0,0
2026-07-17,Roosters,Storm,16,17,3,1,0.8,0.8,0.625,0.75,5.8,3.2,3.125,7.5,2,0.0,-0.125,2.5999999999999996,-4.375,,,,,,,,,,,,,,,,,,,,,,,,,,,,,,,,0,0
2026-07-17,Sharks,Knights,16,18,2,0,0.8,0.6,0.75,0.75,16.6,1.0,10.875,8.625,2,0.20000000000000007,0.0,15.600000000000001,2.25,,,,,,,,,,,,,,,,,,,,,,,,,,,,,,,,0,0
2026-07-18,Bulldogs,Wests Tigers,16,17,0,1,0.6,0.4,0.5,0.375,-1.8,0.0,-6.625,-11.25,-1,0.19999999999999996,0.125,-1.8,4.625,,,,,,,,,,,,,,,,,,,,,,,,,,,,,,,,0,0
2026-07-18,Raiders,Rabbitohs,16,16,2,1,0.4,0.6,0.375,0.5,-3.8,5.6,-2.875,2.25,1,-0.19999999999999996,-0.125,-9.399999999999999,-5.125,,,,,,,,,,,,,,,,,,,,,,,,,,,,,,,,0,0
2026-07-18,Warriors,Dragons,15,15,0,1,0.4,0.2,0.5,0.125,1.2,-7.2,1.5,-17.25,-1,0.2,0.375,8.4,18.75,,,,,,,,,,,,,,,,,,,,,,,,,,,,,,,,0,0
2026-07-19,Dolphins,Cowboys,17,16,0,2,0.6,0.6,0.75,0.625,-2.6,-3.4,5.375,0.25,-2,0.0,0.125,0.7999999999999998,5.125,,,,,,,,,,,,,,,,,,,,,,,,,,,,,,,,0,0
2026-07-19,Titans,Sea Eagles,16,17,0,0,0.4,0.4,0.25,0.5,-4.8,5.8,-8.25,6.625,0,0.0,-0.25,-10.6,-14.875,,,,,,,,,,,,,,,,,,,,,,,,,,,,,,,,0,0
2026-07-23,Eels,Panthers,17,15,0,0,0.4,0.4,0.375,0.625,-5.2,5.4,-6.875,9.125,0,0.0,-0.25,-10.600000000000001,-16.0,,,,,,,,,,,,,,,,,,,,,,,,,,,,,,,,0,0
2026-07-24,Knights,Roosters,19,17,0,4,0.6,0.8,0.625,0.625,1.0,2.2,4.125,2.125,-4,-0.20000000000000007,0.0,-1.2000000000000002,2.0,,,,,,,,,,,,,,,,,,,,,,,,,,,,,,,,0,0
2026-07-24,Rabbitohs,Storm,17,18,0,0,0.6,0.6,0.375,0.625,6.4,-1.2,-2.0,3.0,0,0.0,-0.25,7.6000000000000005,-5.0,,,,,,,,,,,,,,,,,,,,,,,,,,,,,,,,0,0
2026-07-25,Bulldogs,Warriors,17,16,1,1,0.8,0.4,0.625,0.625,5.8,-0.8,1.375,8.25,0,0.4,0.0,6.6,-6.875,,,,,,,,,,,,,,,,,,,,,,,,,,,,,,,,0,0
2026-07-25,Cowboys,Broncos,17,17,0,2,0.4,0.4,0.5,0.25,-9.8,-11.2,-4.25,-14.875,-2,0.0,0.25,1.3999999999999986,10.625,,,,,,,,,,,,,,,,,,,,,,,,,,,,,,,,0,0
2026-07-25,Raiders,Wests Tigers,17,18,3,0,0.6,0.2,0.375,0.375,3.4,-8.0,-3.625,-11.75,3,0.39999999999999997,0.0,11.4,8.125,,,,,,,,,,,,,,,,,,,,,,,,,,,,,,,,0,0
2026-07-26,Dragons,Titans,16,17,0,1,0.2,0.4,0.125,0.375,-5.2,-4.6,-12.5,-5.5,-1,-0.2,-0.25,-0.6000000000000005,-7.0,,,,,,,,,,,,,,,,,,,,,,,,,,,,,,,,0,0
2026-07-26,Sea Eagles,Sharks,18,17,0,3,0.2,0.8,0.375,0.875,1.8,12.6,2.375,14.125,-3,-0.6000000000000001,-0.5,-10.799999999999999,-11.75,,,,,,,,,,,,,,,,,,,,,,,,,,,,,,,,0,0
2026-07-30,Cowboys,Roosters,18,18,1,5,0.6,1.0,0.625,0.75,-3.0,10.0,-2.875,3.0,-4,-0.4,-0.125,-13.0,-5.875,,,,,,,,,,,,,,,,,,,,,,,,,,,,,,,,0,0
2026-07-31,Dragons,Dolphins,17,18,0,1,0.2,0.6,0.125,0.75,-4.8,-6.2,-10.75,5.125,-1,-0.39999999999999997,-0.625,1.4000000000000004,-15.875,,,,,,,,,,,,,,,,,,,,,,,,,,,,,,,,0,0
2026-07-31,Storm,Bulldogs,19,18,0,2,0.4,0.8,0.5,0.75,-2.0,7.8,-0.5,5.625,-2,-0.4,-0.25,-9.8,-6.125,,,,,,,,,,,,,,,,,,,,,,,,,,,,,,,,0,0
2026-08-01,Broncos,Knights,18,20,0,0,0.4,0.4,0.25,0.5,-4.4,0.4,-12.375,1.0,0,0.0,-0.25,-4.800000000000001,-13.375,,,,,,,,,,,,,,,,,,,,,,,,,,,,,,,,0,0
2026-08-01,Panthers,Raiders,16,18,1,4,0.4,0.8,0.625,0.5,2.2,13.2,5.875,3.625,-3,-0.4,0.125,-11.0,2.25,,,,,,,,,,,,,,,,,,,,,,,,,,,,,,,,0,0
2026-08-01,Titans,Warriors,18,17,2,0,0.6,0.4,0.5,0.5,1.0,-2.8,0.0,4.0,2,0.19999999999999996,0.0,3.8,-4.0,,,,,,,,,,,,,,,,,,,,,,,,,,,,,,,,0,0
2026-08-02,Sharks,Rabbitohs,18,18,4,1,0.8,0.6,0.875,0.5,19.4,-1.6,15.875,1.0,3,0.20000000000000007,0.375,21.0,14.875,,,,,,,,,,,,,,,,,,,,,,,,,,,,,,,,0,0
2026-08-02,Wests Tigers,Eels,19,18,0,0,0.2,0.4,0.25,0.25,-14.4,-6.0,-18.25,-8.0,0,-0.2,0.0,-8.4,-10.25,,,,,,,,,,,,,,,,,,,,,,,,,,,,,,,,0,0
2026-08-06,Titans,Cowboys,19,19,0,0,0.4,0.6,0.5,0.5,-6.4,-13.4,-4.25,-12.375,0,-0.19999999999999996,0.0,7.0,8.125,,,,,,,,,,,,,,,,,,,,,,,,,,,,,,,,0,0
2026-08-07,Roosters,Bulldogs,19,19,6,3,1.0,0.8,0.875,0.75,20.2,10.4,13.5,6.125,3,0.19999999999999996,0.125,9.799999999999999,7.375,,,,,,,,,,,,,,,,,,,,,,,,,,,,,,,,0,0
2026-08-07,Warriors,Panthers,18,17,1,2,0.4,0.6,0.5,0.625,0.8,7.2,4.75,8.625,-1,-0.19999999999999996,-0.125,-6.4,-3.875,,,,,,,,,,,,,,,,,,,,,,,,,,,,,,,,0,0
2026-08-08,Dolphins,Broncos,19,19,2,0,0.6,0.4,0.75,0.25,-7.8,-8.0,4.875,-11.625,2,0.19999999999999996,0.5,0.20000000000000018,16.5,,,,,,,,,,,,,,,,,,,,,,,,,,,,,,,,0,0
2026-08-08,Rabbitohs,Eels,19,19,0,1,0.4,0.4,0.5,0.375,-8.8,-6.0,0.5,-4.375,-1,0.0,0.125,-2.8000000000000007,4.875,,,,,,,,,,,,,,,,,,,,,,,,,,,,,,,,0,0
2026-08-08,Storm,Sea Eagles,20,19,0,0,0.2,0.2,0.5,0.25,-9.2,-5.2,-1.0,-2.375,0,0.0,0.25,-3.999999999999999,1.375,,,,,,,,,,,,,,,,,,,,,,,,,,,,,,,,0,0
2026-08-13,Panthers,Roosters,18,20,0,7,0.6,1.0,0.5,0.875,6.8,19.4,5.125,10.5,-7,-0.4,-0.375,-12.599999999999998,-5.375,,,,,,,,,,,,,,,,,,,,,,,,,,,,,,,,0,0
2026-08-14,Bulldogs,Rabbitohs,20,20,0,1,0.6,0.6,0.75,0.625,6.4,-3.6,6.625,2.75,-1,0.0,0.125,10.0,3.875,,,,,,,,,,,,,,,,,,,,,,,,,,,,,,,,0,0
2026-08-14,Sea Eagles,Dolphins,20,20,0,3,0.0,0.6,0.25,0.75,-14.8,-6.6,-4.375,2.625,-3,-0.6,-0.5,-8.200000000000001,-7.0,,,,,,,,,,,,,,,,,,,,,,,,,,,,,,,,0,0
2026-08-15,Broncos,Warriors,20,19,0,2,0.4,0.6,0.25,0.5,-7.2,4.4,-12.0,4.5,-2,-0.19999999999999996,-0.25,-11.600000000000001,-16.5,,,,,,,,,,,,,,,,,,,,,,,,,,,,,,,,0,0
2026-08-15,Eels,Cowboys,20,20,0,1,0.4,0.6,0.375,0.5,-2.8,-11.8,-4.125,-11.125,-1,-0.19999999999999996,-0.125,9.0,7.0,,,,,,,,,,,,,,,,,,,,,,,,,,,,,,,,0,0
2026-08-15,Sharks,Raiders,19,19,5,0,1.0,0.8,0.875,0.5,26.4,12.8,17.125,1.625,5,0.19999999999999996,0.375,13.599999999999998,15.5,,,,,,,,,,,,,,,,,,,,,,,,,,,,,,,,0,0
2026-08-16,Knights,Titans,21,20,1,0,0.4,0.4,0.5,0.375,4.0,-7.2,3.25,-7.625,1,0.0,0.125,11.2,10.875,,,,,,,,,,,,,,,,,,,,,,,,,,,,,,,,0,0
2026-08-16,Wests Tigers,Dragons,20,18,0,0,0.2,0.2,0.25,0.125,-13.8,-5.6,-10.125,-8.75,0,0.0,0.125,-8.200000000000001,-1.375,,,,,,,,,,,,,,,,,,,,,,,,,,,,,,,,0,0
2026-08-20,Storm,Panthers,21,19,1,0,0.4,0.4,0.5,0.375,0.4,1.2,0.0,1.625,1,0.0,0.125,-0.7999999999999999,-1.625,,,,,,,,,,,,,,,,,,,,,,,,,,,,,,,,0,0
2026-08-21,Dolphins,Eels,21,21,4,1,0.8,0.4,0.75,0.5,-2.0,-4.2,0.625,-3.625,3,0.4,0.25,2.2,4.25,,,,,,,,,,,,,,,,,,,,,,,,,,,,,,,,0,0
2026-08-21,Raiders,Broncos,20,21,1,0,0.8,0.2,0.625,0.25,12.0,-14.4,5.375,-11.0,1,0.6000000000000001,0.375,26.4,16.375,,,,,,,,,,,,,,,,,,,,,,,,,,,,,,,,0,0
2026-08-22,Dragons,Bulldogs,19,21,1,0,0.4,0.6,0.25,0.625,-3.6,8.0,-6.25,4.375,1,-0.19999999999999996,-0.375,-11.6,-10.625,,,,,,,,,,,,,,,,,,,,,,,,,,,,,,,,0,0
2026-08-22,Knights,Sea Eagles,22,21,2,0,0.4,0.0,0.625,0.125,5.8,-17.4,4.75,-8.875,2,0.4,0.5,23.2,13.625,,,,,,,,,,,,,,,,,,,,,,,,,,,,,,,,0,0
2026-08-22,Rabbitohs,Warriors,21,20,2,3,0.6,0.8,0.625,0.625,-0.8,16.4,-0.5,9.0,-1,-0.20000000000000007,0.0,-17.2,-9.5,,,,,,,,,,,,,,,,,,,,,,,,,,,,,,,,0,0
2026-08-23,Roosters,Wests Tigers,21,21,8,0,1.0,0.2,1.0,0.125,17.4,-11.4,16.0,-11.375,8,0.8,0.875,28.799999999999997,27.375,,,,,,,,,,,,,,,,,,,,,,,,,,,,,,,,0,0
2026-08-23,Titans,Sharks,21,20,0,0,0.4,0.8,0.375,0.75,-8.4,23.2,-7.875,13.875,0,-0.4,-0.375,-31.6,-21.75,,,,,,,,,,,,,,,,,,,,,,,,,,,,,,,,0,0
2026-08-27,Broncos,Storm,22,22,1,0,0.2,0.2,0.375,0.375,-14.0,-2.0,-9.75,-1.25,1,0.0,0.0,-12.0,-8.5,,,,,,,,,,,,,,,,,,,,,,,,,,,,,,,,0,0
2026-08-28,Panthers,Bulldogs,20,22,1,1,0.6,0.6,0.5,0.625,3.2,7.6,2.75,8.0,0,0.0,-0.125,-4.3999999999999995,-5.25,,,,,,,,,,,,,,,,,,,,,,,,,,,,,,,,0,0
2026-08-28,Sea Eagles,Dragons,22,20,1,0,0.2,0.2,0.25,0.25,-13.2,-12.4,-6.25,-7.25,1,0.0,0.0,-0.7999999999999989,1.0,,,,,,,,,,,,,,,,,,,,,,,,,,,,,,,,0,0
2026-08-29,Cowboys,Wests Tigers,21,22,0,1,0.4,0.2,0.5,0.25,-12.4,-16.4,-8.125,-9.5,-1,0.2,0.25,3.9999999999999982,1.375,,,,,,,,,,,,,,,,,,,,,,,,,,,,,,,,0,0
2026-08-29,Roosters,Dolphins,22,22,0,5,0.8,1.0,0.875,0.75,15.6,14.8,13.5,1.125,-5,-0.19999999999999996,0.125,0.7999999999999989,12.375,,,,,,,,,,,,,,,,,,,,,,,,,,,,,,,,0,0
2026-08-29,Titans,Rabbitohs,22,22,0,0,0.2,0.6,0.25,0.5,-11.2,-2.6,-9.0,-5.375,0,-0.39999999999999997,-0.25,-8.6,-3.625,,,,,,,,,,,,,,,,,,,,,,,,,,,,,,,,0,0
2026-08-30,Eels,Sharks,22,21,0,1,0.4,0.8,0.375,0.75,-4.6,11.6,-6.25,14.625,-1,-0.4,-0.375,-16.2,-20.875,,,,,,,,,,,,,,,,,,,,,,,,,,,,,,,,0,0
2026-08-30,Warriors,Knights,21,23,4,0,0.8,0.4,0.625,0.5,18.6,2.2,9.125,2.0,4,0.4,0.125,16.400000000000002,7.125,,,,,,,,,,,,,,,,,,,,,,,,,,,,,,,,0,0
2026-09-03,Bulldogs,Broncos,23,23,0,0,0.4,0.2,0.5,0.375,2.4,-17.6,4.0,-11.5,0,0.2,0.125,20.0,15.5,,,,,,,,,,,,,,,,,,,,,,,,,,,,,,,,0,0
2026-09-04,Rabbitohs,Roosters,23,23,1,0,0.6,0.6,0.625,0.75,1.0,12.6,-0.125,11.0,1,0.0,-0.125,-11.6,-11.125,,,,,,,,,,,,,,,,,,,,,,,,,,,,,,,,0,0
2026-09-04,Titans,Dolphins,23,23,0,6,0.0,1.0,0.25,0.75,-19.2,13.6,-9.25,2.625,-6,-1.0,-0.5,-32.8,-11.875,,,,,,,,,,,,,,,,,,,,,,,,,,,,,,,,0,0
2026-09-05,Cowboys,Raiders,22,21,1,0,0.6,0.6,0.625,0.625,-5.6,6.4,-4.125,5.25,1,0.0,0.0,-12.0,-9.375,,,,,,,,,,,,,,,,,,,,,,,,,,,,,,,,0,0
2026-09-05,Sharks,Storm,22,23,0,1,0.6,0.4,0.75,0.375,7.2,4.8,14.5,-0.75,-1,0.19999999999999996,0.375,2.4000000000000004,15.25,,,,,,,,,,,,,,,,,,,,,,,,,,,,,,,,0,0
2026-09-05,Warriors,Sea Eagles,22,23,5,2,1.0,0.4,0.75,0.25,23.8,-5.2,11.125,-5.25,3,0.6,0.5,29.0,16.375,,,,,,,,,,,,,,,,,,,,,,,,,,,,,,,,0,0
2026-09-06,Dragons,Eels,21,23,0,1,0.2,0.6,0.25,0.5,-17.6,0.6,-11.25,-1.25,-1,-0.39999999999999997,-0.25,-18.200000000000003,-10.0,,,,,,,,,,,,,,,,,,,,,,,,,,,,,,,,0,0
2026-09-06,Panthers,Wests Tigers,21,23,2,0,0.6,0.2,0.625,0.25,4.8,-12.8,6.25,-10.5,2,0.39999999999999997,0.375,17.6,16.75,,,,,,,,,,,,,,,,,,,,,,,,,,,,,,,,0,0
2026-09-11,Rabbitohs,Knights,24,24,2,0,0.8,0.4,0.625,0.375,10.2,-0.2,3.375,-0.5,2,0.4,0.25,10.399999999999999,3.875,,,,,,,,,,,,,,,,,,,,,,,,,,,,,,,,0,0
2026-09-12,Sharks,Cowboys,23,23,0,0,0.4,0.4,0.625,0.5,-0.8,-11.2,12.5,-8.375,0,0.0,0.125,10.399999999999999,20.875,,,,,,,,,,,,,,,,,,,,,,,,,,,,,,,,0,0
2026-09-12,Warriors,Dolphins,23,24,6,7,1.0,1.0,0.875,0.875,16.8,13.2,14.5,3.25,-1,0.0,0.0,3.6000000000000014,11.25,,,,,,,,,,,,,,,,,,,,,,,,,,,,,,,,0,0
2026-09-13,Panthers,Roosters,22,24,3,0,0.6,0.4,0.625,0.625,5.6,-7.4,7.0,5.25,3,0.19999999999999996,0.0,13.0,1.75,17.0,17.0,0.0,0.0,1.0,1.0,4.0,4.0,0.0,0.0,1.0,1.0,0.0,0.0,,,,,,,,,,,,,,,,,,0,0
2026-09-25,Dolphins,Roosters,25,25,8,0,1.0,0.2,1.0,0.5,13.6,-9.2,12.75,3.375,8,0.8,0.5,22.799999999999997,9.375,17.0,16.0,0.0,1.0,1.0,0.9411764705882353,4.0,2.0,0.0,2.0,1.0,0.5,0.05882352941176472,0.5,,,,,,,,,,,,,,,,,,0,0
2026-09-27,Panthers,Knights,23,25,4,1,0.8,0.6,0.75,0.375,10.2,2.0,8.125,0.625,3,0.20000000000000007,0.375,8.2,7.5,15.0,16.0,2.0,1.0,0.8823529411764706,0.9411764705882353,4.0,4.0,0.0,0.0,1.0,1.0,-0.05882352941176472,0.0,,,,,,,,,,,,,,,,,,0,0
