season,team,player,primary_position,roster_status
2027,Perth Bears,Mason Barber,,contracted
2027,Perth Bears,Jack Cole,,contracted
2027,Perth Bears,Josh Curran,,contracted
2027,Perth Bears,Iszac Fa'asuamaleaui,,contracted
2027,Perth Bears,Mavrik Geyer,,contracted
2027,Perth Bears,Liam Henry,,contracted
2027,Perth Bears,Corey Horsburgh,,contracted
2027,Perth Bears,Kit Laulilii,,contracted
2027,Perth Bears,Luke Laulilii,,contracted
2027,Perth Bears,James McDonnell,,contracted
2027,Perth Bears,Nick Meaney,,contracted
2027,Perth Bears,Harry Newman,,contracted
2027,Perth Bears,Mikolaj Oledzki,,contracted
2027,Perth Bears,Niwhai Puru,,contracted
2027,Perth Bears,Sean Russell,,contracted
2027,Perth Bears,Toby Sexton,,contracted
2027,Perth Bears,Gehamat Shibasaki,,contracted
2027,Perth Bears,Luke Smith,,contracted
2027,Perth Bears,Morgan Smithies,,contracted
2027,Perth Bears,Tyson Smoothy,,contracted
2027,Perth Bears,Scott Sorensen,,contracted
2027,Perth Bears,Jonathan Sua,,contracted
2027,Perth Bears,Siosifa Talakai,,contracted
2027,Perth Bears,Apa Twidle,,contracted
2027,Perth Bears,Chris Vea'ila,,contracted
2027,Perth Bears,Tyran Wishart,,contracted
