run_id,run_utc,date,home,away,home_odds,away_odds,captured_at_utc
22131506293,2026-02-18 08:03:05,2026-02-28,Canterbury Bulldogs,St George Illawarra Dragons,1.55,2.64,2026-02-18 08:02:59
22131506293,2026-02-18 08:03:05,2026-03-01,Newcastle Knights,North Queensland Cowboys,2.46,1.65,2026-02-18 08:02:59
22131506293,2026-02-18 08:03:05,2026-03-05,Melbourne Storm,Parramatta Eels,1.38,3.06,2026-02-18 08:02:59
22131506293,2026-02-18 08:03:05,2026-03-06,New Zealand Warriors,Sydney Roosters,2.9,1.57,2026-02-18 08:02:59
22131506293,2026-02-18 08:03:05,2026-03-06,Brisbane Broncos,Penrith Panthers,1.65,2.3,2026-02-18 08:02:59
22131506293,2026-02-18 08:03:05,2026-03-07,Cronulla Sutherland Sharks,Gold Coast Titans,1.35,3.4,2026-02-18 08:02:59
22131506293,2026-02-18 08:03:05,2026-03-07,Manly Warringah Sea Eagles,Canberra Raiders,1.97,2.0,2026-02-18 08:02:59
22131506293,2026-02-18 08:03:05,2026-03-08,Dolphins,South Sydney Rabbitohs,1.65,2.26,2026-02-18 08:02:59
22132755014,2026-02-18 08:47:15,2026-02-28,Canterbury Bulldogs,St George Illawarra Dragons,1.55,2.64,2026-02-18 08:47:13
22132755014,2026-02-18 08:47:15,2026-03-01,Newcastle Knights,North Queensland Cowboys,2.46,1.65,2026-02-18 08:47:13
22132755014,2026-02-18 08:47:15,2026-03-05,Melbourne Storm,Parramatta Eels,1.38,3.06,2026-02-18 08:47:13
22132755014,2026-02-18 08:47:15,2026-03-06,New Zealand Warriors,Sydney Roosters,2.9,1.57,2026-02-18 08:47:13
22132755014,2026-02-18 08:47:15,2026-03-06,Brisbane Broncos,Penrith Panthers,1.65,2.3,2026-02-18 08:47:13
22132755014,2026-02-18 08:47:15,2026-03-07,Cronulla Sutherland Sharks,Gold Coast Titans,1.35,3.4,2026-02-18 08:47:13
22132755014,2026-02-18 08:47:15,2026-03-07,Manly Warringah Sea Eagles,Canberra Raiders,1.97,2.0,2026-02-18 08:47:13
22132755014,2026-02-18 08:47:15,2026-03-08,Dolphins,South Sydney Rabbitohs,1.65,2.26,2026-02-18 08:47:13
22133108940,2026-02-18 08:59:16,2026-02-28,Canterbury Bulldogs,St George Illawarra Dragons,1.55,2.64,2026-02-18 08:59:13
22133108940,2026-02-18 08:59:16,2026-03-01,Newcastle Knights,North Queensland Cowboys,2.46,1.65,2026-02-18 08:59:13
22133108940,2026-02-18 08:59:16,2026-03-05,Melbourne Storm,Parramatta Eels,1.38,3.06,2026-02-18 08:59:13
22133108940,2026-02-18 08:59:16,2026-03-06,New Zealand Warriors,Sydney Roosters,2.9,1.57,2026-02-18 08:59:13
22133108940,2026-02-18 08:59:16,2026-03-06,Brisbane Broncos,Penrith Panthers,1.65,2.3,2026-02-18 08:59:13
22133108940,2026-02-18 08:59:16,2026-03-07,Cronulla Sutherland Sharks,Gold Coast Titans,1.35,3.4,2026-02-18 08:59:13
22133108940,2026-02-18 08:59:16,2026-03-07,Manly Warringah Sea Eagles,Canberra Raiders,1.97,2.0,2026-02-18 08:59:13
22133108940,2026-02-18 08:59:16,2026-03-08,Dolphins,South Sydney Rabbitohs,1.65,2.26,2026-02-18 08:59:13
22133545924,2026-02-18 09:13:35,2026-02-28,Canterbury Bulldogs,St George Illawarra Dragons,1.55,2.64,2026-02-18 09:13:32
22133545924,2026-02-18 09:13:35,2026-03-01,Newcastle Knights,North Queensland Cowboys,2.46,1.65,2026-02-18 09:13:32
22133545924,2026-02-18 09:13:35,2026-03-05,Melbourne Storm,Parramatta Eels,1.38,3.06,2026-02-18 09:13:32
22133545924,2026-02-18 09:13:35,2026-03-06,New Zealand Warriors,Sydney Roosters,2.9,1.57,2026-02-18 09:13:32
22133545924,2026-02-18 09:13:35,2026-03-06,Brisbane Broncos,Penrith Panthers,1.65,2.3,2026-02-18 09:13:32
22133545924,2026-02-18 09:13:35,2026-03-07,Cronulla Sutherland Sharks,Gold Coast Titans,1.35,3.4,2026-02-18 09:13:32
22133545924,2026-02-18 09:13:35,2026-03-07,Manly Warringah Sea Eagles,Canberra Raiders,1.97,2.0,2026-02-18 09:13:32
22133545924,2026-02-18 09:13:35,2026-03-08,Dolphins,South Sydney Rabbitohs,1.65,2.26,2026-02-18 09:13:32
22135009745,2026-02-18 09:58:42,2026-02-28,Canterbury Bulldogs,St George Illawarra Dragons,1.55,2.64,2026-02-18 09:58:39
22135009745,2026-02-18 09:58:42,2026-03-01,Newcastle Knights,North Queensland Cowboys,2.46,1.65,2026-02-18 09:58:39
22135009745,2026-02-18 09:58:42,2026-03-05,Melbourne Storm,Parramatta Eels,1.38,3.06,2026-02-18 09:58:39
22135009745,2026-02-18 09:58:42,2026-03-06,New Zealand Warriors,Sydney Roosters,2.9,1.57,2026-02-18 09:58:39
22135009745,2026-02-18 09:58:42,2026-03-06,Brisbane Broncos,Penrith Panthers,1.65,2.3,2026-02-18 09:58:39
22135009745,2026-02-18 09:58:42,2026-03-07,Cronulla Sutherland Sharks,Gold Coast Titans,1.35,3.4,2026-02-18 09:58:39
22135009745,2026-02-18 09:58:42,2026-03-07,Manly Warringah Sea Eagles,Canberra Raiders,1.97,2.0,2026-02-18 09:58:39
22135009745,2026-02-18 09:58:42,2026-03-08,Dolphins,South Sydney Rabbitohs,1.65,2.26,2026-02-18 09:58:39
22159130432,2026-02-18 21:53:45,2026-02-28,Canterbury Bulldogs,St George Illawarra Dragons,1.55,2.64,2026-02-18 21:53:42
22159130432,2026-02-18 21:53:45,2026-03-01,Newcastle Knights,North Queensland Cowboys,2.46,1.65,2026-02-18 21:53:42
22159130432,2026-02-18 21:53:45,2026-03-05,Melbourne Storm,Parramatta Eels,1.38,3.06,2026-02-18 21:53:42
22159130432,2026-02-18 21:53:45,2026-03-06,New Zealand Warriors,Sydney Roosters,2.9,1.57,2026-02-18 21:53:42
22159130432,2026-02-18 21:53:45,2026-03-06,Brisbane Broncos,Penrith Panthers,1.65,2.3,2026-02-18 21:53:42
22159130432,2026-02-18 21:53:45,2026-03-07,Cronulla Sutherland Sharks,Gold Coast Titans,1.35,3.4,2026-02-18 21:53:42
22159130432,2026-02-18 21:53:45,2026-03-07,Manly Warringah Sea Eagles,Canberra Raiders,1.97,2.0,2026-02-18 21:53:42
22159130432,2026-02-18 21:53:45,2026-03-08,Dolphins,South Sydney Rabbitohs,1.65,2.26,2026-02-18 21:53:42
22201717695,2026-02-19 21:56:10,2026-02-28,Canterbury Bulldogs,St George Illawarra Dragons,1.55,2.64,2026-02-19 21:56:08
22201717695,2026-02-19 21:56:10,2026-03-01,Newcastle Knights,North Queensland Cowboys,2.46,1.65,2026-02-19 21:56:08
22201717695,2026-02-19 21:56:10,2026-03-05,Melbourne Storm,Parramatta Eels,1.38,3.06,2026-02-19 21:56:08
22201717695,2026-02-19 21:56:10,2026-03-06,New Zealand Warriors,Sydney Roosters,2.9,1.57,2026-02-19 21:56:08
22201717695,2026-02-19 21:56:10,2026-03-06,Brisbane Broncos,Penrith Panthers,1.71,2.25,2026-02-19 21:56:08
22201717695,2026-02-19 21:56:10,2026-03-07,Cronulla Sutherland Sharks,Gold Coast Titans,1.35,3.4,2026-02-19 21:56:08
22201717695,2026-02-19 21:56:10,2026-03-07,Manly Warringah Sea Eagles,Canberra Raiders,1.97,2.0,2026-02-19 21:56:08
22201717695,2026-02-19 21:56:10,2026-03-08,Dolphins,South Sydney Rabbitohs,1.65,2.26,2026-02-19 21:56:08
22209102251,2026-02-20 02:40:30,2026-02-28,Canterbury Bulldogs,St George Illawarra Dragons,1.49,2.64,2026-02-20 02:40:26
22209102251,2026-02-20 02:40:30,2026-03-01,Newcastle Knights,North Queensland Cowboys,2.46,1.65,2026-02-20 02:40:26
22209102251,2026-02-20 02:40:30,2026-03-05,Melbourne Storm,Parramatta Eels,1.38,3.06,2026-02-20 02:40:26
22209102251,2026-02-20 02:40:30,2026-03-06,New Zealand Warriors,Sydney Roosters,2.56,1.57,2026-02-20 02:40:26
22209102251,2026-02-20 02:40:30,2026-03-06,Brisbane Broncos,Penrith Panthers,1.71,2.25,2026-02-20 02:40:26
22209102251,2026-02-20 02:40:30,2026-03-07,Cronulla Sutherland Sharks,Gold Coast Titans,1.35,3.4,2026-02-20 02:40:26
22209102251,2026-02-20 02:40:30,2026-03-07,Manly Warringah Sea Eagles,Canberra Raiders,1.97,1.87,2026-02-20 02:40:26
22209102251,2026-02-20 02:40:30,2026-03-08,Dolphins,South Sydney Rabbitohs,1.65,2.26,2026-02-20 02:40:26
22210939359,2026-02-20 04:11:19,2026-02-28,Canterbury Bulldogs,St George Illawarra Dragons,1.49,2.64,2026-02-20 04:11:15
22210939359,2026-02-20 04:11:19,2026-03-01,Newcastle Knights,North Queensland Cowboys,2.46,1.65,2026-02-20 04:11:15
22210939359,2026-02-20 04:11:19,2026-03-05,Melbourne Storm,Parramatta Eels,1.38,3.06,2026-02-20 04:11:15
22210939359,2026-02-20 04:11:19,2026-03-06,New Zealand Warriors,Sydney Roosters,2.56,1.57,2026-02-20 04:11:15
22210939359,2026-02-20 04:11:19,2026-03-06,Brisbane Broncos,Penrith Panthers,1.71,2.25,2026-02-20 04:11:15
22210939359,2026-02-20 04:11:19,2026-03-07,Cronulla Sutherland Sharks,Gold Coast Titans,1.35,3.4,2026-02-20 04:11:15
22210939359,2026-02-20 04:11:19,2026-03-07,Manly Warringah Sea Eagles,Canberra Raiders,1.97,1.87,2026-02-20 04:11:15
22210939359,2026-02-20 04:11:19,2026-03-08,Dolphins,South Sydney Rabbitohs,1.65,2.26,2026-02-20 04:11:15
22211291049,2026-02-20 04:28:10,2026-02-28,Canterbury Bulldogs,St George Illawarra Dragons,1.49,2.64,2026-02-20 04:28:05
22211291049,2026-02-20 04:28:10,2026-03-01,Newcastle Knights,North Queensland Cowboys,2.46,1.65,2026-02-20 04:28:05
22211291049,2026-02-20 04:28:10,2026-03-05,Melbourne Storm,Parramatta Eels,1.38,3.06,2026-02-20 04:28:05
22211291049,2026-02-20 04:28:10,2026-03-06,New Zealand Warriors,Sydney Roosters,2.56,1.57,2026-02-20 04:28:05
22211291049,2026-02-20 04:28:10,2026-03-06,Brisbane Broncos,Penrith Panthers,1.71,2.25,2026-02-20 04:28:05
22211291049,2026-02-20 04:28:10,2026-03-07,Cronulla Sutherland Sharks,Gold Coast Titans,1.35,3.4,2026-02-20 04:28:05
22211291049,2026-02-20 04:28:10,2026-03-07,Manly Warringah Sea Eagles,Canberra Raiders,1.97,1.87,2026-02-20 04:28:05
22211291049,2026-02-20 04:28:10,2026-03-08,Dolphins,South Sydney Rabbitohs,1.65,2.26,2026-02-20 04:28:05
22213520214,2026-02-20 06:10:41,2026-02-28,Canterbury Bulldogs,St George Illawarra Dragons,1.52,2.66,2026-02-20 06:10:38
22213520214,2026-02-20 06:10:41,2026-03-01,Newcastle Knights,North Queensland Cowboys,2.59,1.53,2026-02-20 06:10:38
22213520214,2026-02-20 06:10:41,2026-03-05,Melbourne Storm,Parramatta Eels,1.4,3.06,2026-02-20 06:10:38
22213520214,2026-02-20 06:10:41,2026-03-06,New Zealand Warriors,Sydney Roosters,2.9,1.57,2026-02-20 06:10:38
22213520214,2026-02-20 06:10:41,2026-03-06,Brisbane Broncos,Penrith Panthers,1.71,2.25,2026-02-20 06:10:38
22213520214,2026-02-20 06:10:41,2026-03-07,Cronulla Sutherland Sharks,Gold Coast Titans,1.35,3.4,2026-02-20 06:10:38
22213520214,2026-02-20 06:10:41,2026-03-07,Manly Warringah Sea Eagles,Canberra Raiders,1.97,2.0,2026-02-20 06:10:38
22213520214,2026-02-20 06:10:41,2026-03-08,Dolphins,South Sydney Rabbitohs,1.65,2.26,2026-02-20 06:10:38
22213665489,2026-02-20 06:16:53,2026-02-28,Canterbury Bulldogs,St George Illawarra Dragons,1.52,2.66,2026-02-20 06:16:49
22213665489,2026-02-20 06:16:53,2026-03-01,Newcastle Knights,North Queensland Cowboys,2.59,1.53,2026-02-20 06:16:49
22213665489,2026-02-20 06:16:53,2026-03-05,Melbourne Storm,Parramatta Eels,1.4,3.06,2026-02-20 06:16:49
22213665489,2026-02-20 06:16:53,2026-03-06,New Zealand Warriors,Sydney Roosters,2.9,1.57,2026-02-20 06:16:49
22213665489,2026-02-20 06:16:53,2026-03-06,Brisbane Broncos,Penrith Panthers,1.71,2.25,2026-02-20 06:16:49
22213665489,2026-02-20 06:16:53,2026-03-07,Cronulla Sutherland Sharks,Gold Coast Titans,1.35,3.4,2026-02-20 06:16:49
22213665489,2026-02-20 06:16:53,2026-03-07,Manly Warringah Sea Eagles,Canberra Raiders,1.97,2.0,2026-02-20 06:16:49
22213665489,2026-02-20 06:16:53,2026-03-08,Dolphins,South Sydney Rabbitohs,1.65,2.26,2026-02-20 06:16:49
22213766844,2026-02-20 06:21:07,2026-02-28,Canterbury Bulldogs,St George Illawarra Dragons,1.52,2.66,2026-02-20 06:21:03
22213766844,2026-02-20 06:21:07,2026-03-01,Newcastle Knights,North Queensland Cowboys,2.59,1.53,2026-02-20 06:21:03
22213766844,2026-02-20 06:21:07,2026-03-05,Melbourne Storm,Parramatta Eels,1.4,3.06,2026-02-20 06:21:03
22213766844,2026-02-20 06:21:07,2026-03-06,New Zealand Warriors,Sydney Roosters,2.9,1.57,2026-02-20 06:21:03
22213766844,2026-02-20 06:21:07,2026-03-06,Brisbane Broncos,Penrith Panthers,1.71,2.25,2026-02-20 06:21:03
22213766844,2026-02-20 06:21:07,2026-03-07,Cronulla Sutherland Sharks,Gold Coast Titans,1.35,3.4,2026-02-20 06:21:03
22213766844,2026-02-20 06:21:07,2026-03-07,Manly Warringah Sea Eagles,Canberra Raiders,1.97,2.0,2026-02-20 06:21:03
22213766844,2026-02-20 06:21:07,2026-03-08,Dolphins,South Sydney Rabbitohs,1.65,2.26,2026-02-20 06:21:03
22214098202,2026-02-20 06:34:55,2026-02-28,Canterbury Bulldogs,St George Illawarra Dragons,1.52,2.66,2026-02-20 06:34:52
22214098202,2026-02-20 06:34:55,2026-03-01,Newcastle Knights,North Queensland Cowboys,2.59,1.53,2026-02-20 06:34:52
22214098202,2026-02-20 06:34:55,2026-03-05,Melbourne Storm,Parramatta Eels,1.4,3.06,2026-02-20 06:34:52
22214098202,2026-02-20 06:34:55,2026-03-06,New Zealand Warriors,Sydney Roosters,2.9,1.57,2026-02-20 06:34:52
22214098202,2026-02-20 06:34:55,2026-03-06,Brisbane Broncos,Penrith Panthers,1.71,2.25,2026-02-20 06:34:52
22214098202,2026-02-20 06:34:55,2026-03-07,Cronulla Sutherland Sharks,Gold Coast Titans,1.35,3.4,2026-02-20 06:34:52
22214098202,2026-02-20 06:34:55,2026-03-07,Manly Warringah Sea Eagles,Canberra Raiders,1.97,2.0,2026-02-20 06:34:52
22214098202,2026-02-20 06:34:55,2026-03-08,Dolphins,South Sydney Rabbitohs,1.65,2.26,2026-02-20 06:34:52
22221391447,2026-02-20 10:57:20,2026-02-28,Canterbury Bulldogs,St George Illawarra Dragons,1.48,2.66,2026-02-20 10:57:17
22221391447,2026-02-20 10:57:20,2026-03-01,Newcastle Knights,North Queensland Cowboys,2.59,1.53,2026-02-20 10:57:17
22221391447,2026-02-20 10:57:20,2026-03-05,Melbourne Storm,Parramatta Eels,1.4,3.06,2026-02-20 10:57:17
22221391447,2026-02-20 10:57:20,2026-03-06,New Zealand Warriors,Sydney Roosters,2.9,1.57,2026-02-20 10:57:17
22221391447,2026-02-20 10:57:20,2026-03-06,Brisbane Broncos,Penrith Panthers,1.5,2.62,2026-02-20 10:57:17
22221391447,2026-02-20 10:57:20,2026-03-07,Cronulla Sutherland Sharks,Gold Coast Titans,1.35,3.4,2026-02-20 10:57:17
22221391447,2026-02-20 10:57:20,2026-03-07,Manly Warringah Sea Eagles,Canberra Raiders,1.97,2.0,2026-02-20 10:57:17
22221391447,2026-02-20 10:57:20,2026-03-08,Dolphins,South Sydney Rabbitohs,1.65,2.26,2026-02-20 10:57:17
22222238548,2026-02-20 11:25:27,2026-02-28,Canterbury Bulldogs,St George Illawarra Dragons,1.48,2.66,2026-02-20 11:25:25
22222238548,2026-02-20 11:25:27,2026-03-01,Newcastle Knights,North Queensland Cowboys,2.59,1.53,2026-02-20 11:25:25
22222238548,2026-02-20 11:25:27,2026-03-05,Melbourne Storm,Parramatta Eels,1.4,3.06,2026-02-20 11:25:25
22222238548,2026-02-20 11:25:27,2026-03-06,New Zealand Warriors,Sydney Roosters,2.9,1.57,2026-02-20 11:25:25
22222238548,2026-02-20 11:25:27,2026-03-06,Brisbane Broncos,Penrith Panthers,1.5,2.62,2026-02-20 11:25:25
22222238548,2026-02-20 11:25:27,2026-03-07,Cronulla Sutherland Sharks,Gold Coast Titans,1.35,3.4,2026-02-20 11:25:25
22222238548,2026-02-20 11:25:27,2026-03-07,Manly Warringah Sea Eagles,Canberra Raiders,1.97,2.0,2026-02-20 11:25:25
22222238548,2026-02-20 11:25:27,2026-03-08,Dolphins,South Sydney Rabbitohs,1.65,2.26,2026-02-20 11:25:25
22237270567,2026-02-20 19:03:17,2026-02-28,Canterbury Bulldogs,St George Illawarra Dragons,1.48,2.66,2026-02-20 19:03:14
22237270567,2026-02-20 19:03:17,2026-03-01,Newcastle Knights,North Queensland Cowboys,2.59,1.53,2026-02-20 19:03:14
22237270567,2026-02-20 19:03:17,2026-03-05,Melbourne Storm,Parramatta Eels,1.4,3.06,2026-02-20 19:03:14
22237270567,2026-02-20 19:03:17,2026-03-06,New Zealand Warriors,Sydney Roosters,2.9,1.57,2026-02-20 19:03:14
22237270567,2026-02-20 19:03:17,2026-03-06,Brisbane Broncos,Penrith Panthers,1.5,2.62,2026-02-20 19:03:14
22237270567,2026-02-20 19:03:17,2026-03-07,Cronulla Sutherland Sharks,Gold Coast Titans,1.35,3.4,2026-02-20 19:03:14
22237270567,2026-02-20 19:03:17,2026-03-07,Manly Warringah Sea Eagles,Canberra Raiders,1.97,2.0,2026-02-20 19:03:14
22237270567,2026-02-20 19:03:17,2026-03-08,Dolphins,South Sydney Rabbitohs,1.65,2.26,2026-02-20 19:03:14
22239102652,2026-02-20 20:00:47,2026-02-28,Canterbury Bulldogs,St George Illawarra Dragons,1.48,2.66,2026-02-20 20:00:40
22239102652,2026-02-20 20:00:47,2026-03-01,Newcastle Knights,North Queensland Cowboys,2.59,1.53,2026-02-20 20:00:40
22239102652,2026-02-20 20:00:47,2026-03-05,Melbourne Storm,Parramatta Eels,1.4,3.06,2026-02-20 20:00:40
22239102652,2026-02-20 20:00:47,2026-03-06,New Zealand Warriors,Sydney Roosters,2.9,1.57,2026-02-20 20:00:40
22239102652,2026-02-20 20:00:47,2026-03-06,Brisbane Broncos,Penrith Panthers,1.5,2.62,2026-02-20 20:00:40
22239102652,2026-02-20 20:00:47,2026-03-07,Cronulla Sutherland Sharks,Gold Coast Titans,1.35,3.4,2026-02-20 20:00:40
22239102652,2026-02-20 20:00:47,2026-03-07,Manly Warringah Sea Eagles,Canberra Raiders,1.97,2.0,2026-02-20 20:00:40
22239102652,2026-02-20 20:00:47,2026-03-08,Dolphins,South Sydney Rabbitohs,1.65,2.26,2026-02-20 20:00:40
22248403425,2026-02-21 02:13:32,2026-02-28,Canterbury Bulldogs,St George Illawarra Dragons,1.48,2.66,2026-02-21 02:13:28
22248403425,2026-02-21 02:13:32,2026-03-01,Newcastle Knights,North Queensland Cowboys,2.59,1.53,2026-02-21 02:13:28
22248403425,2026-02-21 02:13:32,2026-03-05,Melbourne Storm,Parramatta Eels,1.4,3.06,2026-02-21 02:13:28
22248403425,2026-02-21 02:13:32,2026-03-06,New Zealand Warriors,Sydney Roosters,2.9,1.57,2026-02-21 02:13:28
22248403425,2026-02-21 02:13:32,2026-03-06,Brisbane Broncos,Penrith Panthers,1.45,2.96,2026-02-21 02:13:28
22248403425,2026-02-21 02:13:32,2026-03-07,Cronulla Sutherland Sharks,Gold Coast Titans,1.35,3.4,2026-02-21 02:13:28
22248403425,2026-02-21 02:13:32,2026-03-07,Manly Warringah Sea Eagles,Canberra Raiders,1.97,2.0,2026-02-21 02:13:28
22248403425,2026-02-21 02:13:32,2026-03-08,Dolphins,South Sydney Rabbitohs,1.65,2.26,2026-02-21 02:13:28
22248494616,2026-02-21 02:19:26,2026-02-28,Canterbury Bulldogs,St George Illawarra Dragons,1.48,2.66,2026-02-21 02:19:24
22248494616,2026-02-21 02:19:26,2026-03-01,Newcastle Knights,North Queensland Cowboys,2.59,1.5,2026-02-21 02:19:24
22248494616,2026-02-21 02:19:26,2026-03-05,Melbourne Storm,Parramatta Eels,1.38,3.06,2026-02-21 02:19:24
22248494616,2026-02-21 02:19:26,2026-03-06,New Zealand Warriors,Sydney Roosters,2.56,1.57,2026-02-21 02:19:24
22248494616,2026-02-21 02:19:26,2026-03-06,Brisbane Broncos,Penrith Panthers,1.45,2.96,2026-02-21 02:19:24
22248494616,2026-02-21 02:19:26,2026-03-07,Cronulla Sutherland Sharks,Gold Coast Titans,1.35,3.4,2026-02-21 02:19:24
22248494616,2026-02-21 02:19:26,2026-03-07,Manly Warringah Sea Eagles,Canberra Raiders,1.97,1.87,2026-02-21 02:19:24
22248494616,2026-02-21 02:19:26,2026-03-08,Dolphins,South Sydney Rabbitohs,1.65,2.26,2026-02-21 02:19:24
22248649508,2026-02-21 02:29:59,2026-02-28,Canterbury Bulldogs,St George Illawarra Dragons,1.48,2.66,2026-02-21 02:29:56
22248649508,2026-02-21 02:29:59,2026-03-01,Newcastle Knights,North Queensland Cowboys,2.59,1.5,2026-02-21 02:29:56
22248649508,2026-02-21 02:29:59,2026-03-05,Melbourne Storm,Parramatta Eels,1.38,3.06,2026-02-21 02:29:56
22248649508,2026-02-21 02:29:59,2026-03-06,New Zealand Warriors,Sydney Roosters,2.56,1.57,2026-02-21 02:29:56
22248649508,2026-02-21 02:29:59,2026-03-06,Brisbane Broncos,Penrith Panthers,1.45,2.96,2026-02-21 02:29:56
22248649508,2026-02-21 02:29:59,2026-03-07,Cronulla Sutherland Sharks,Gold Coast Titans,1.35,3.4,2026-02-21 02:29:56
22248649508,2026-02-21 02:29:59,2026-03-07,Manly Warringah Sea Eagles,Canberra Raiders,1.97,1.87,2026-02-21 02:29:56
22248649508,2026-02-21 02:29:59,2026-03-08,Dolphins,South Sydney Rabbitohs,1.65,2.26,2026-02-21 02:29:56
22248927314,2026-02-21 02:49:47,2026-02-28,Canterbury Bulldogs,St George Illawarra Dragons,1.48,2.66,2026-02-21 02:49:45
22248927314,2026-02-21 02:49:47,2026-03-01,Newcastle Knights,North Queensland Cowboys,2.59,1.5,2026-02-21 02:49:45
22248927314,2026-02-21 02:49:47,2026-03-05,Melbourne Storm,Parramatta Eels,1.38,3.06,2026-02-21 02:49:45
22248927314,2026-02-21 02:49:47,2026-03-06,New Zealand Warriors,Sydney Roosters,2.56,1.57,2026-02-21 02:49:45
22248927314,2026-02-21 02:49:47,2026-03-06,Brisbane Broncos,Penrith Panthers,1.45,2.96,2026-02-21 02:49:45
22248927314,2026-02-21 02:49:47,2026-03-07,Cronulla Sutherland Sharks,Gold Coast Titans,1.35,3.4,2026-02-21 02:49:45
22248927314,2026-02-21 02:49:47,2026-03-07,Manly Warringah Sea Eagles,Canberra Raiders,1.97,1.87,2026-02-21 02:49:45
22248927314,2026-02-21 02:49:47,2026-03-08,Dolphins,South Sydney Rabbitohs,1.65,2.26,2026-02-21 02:49:45
22249139529,2026-02-21 03:03:43,2026-02-28,Canterbury Bulldogs,St George Illawarra Dragons,1.48,2.66,2026-02-21 03:03:40
22249139529,2026-02-21 03:03:43,2026-03-01,Newcastle Knights,North Queensland Cowboys,2.59,1.5,2026-02-21 03:03:40
22249139529,2026-02-21 03:03:43,2026-03-05,Melbourne Storm,Parramatta Eels,1.38,3.06,2026-02-21 03:03:40
22249139529,2026-02-21 03:03:43,2026-03-06,New Zealand Warriors,Sydney Roosters,2.56,1.57,2026-02-21 03:03:40
22249139529,2026-02-21 03:03:43,2026-03-06,Brisbane Broncos,Penrith Panthers,1.45,2.96,2026-02-21 03:03:40
22249139529,2026-02-21 03:03:43,2026-03-07,Cronulla Sutherland Sharks,Gold Coast Titans,1.35,3.4,2026-02-21 03:03:40
22249139529,2026-02-21 03:03:43,2026-03-07,Manly Warringah Sea Eagles,Canberra Raiders,1.97,1.87,2026-02-21 03:03:40
22249139529,2026-02-21 03:03:43,2026-03-08,Dolphins,South Sydney Rabbitohs,1.65,2.26,2026-02-21 03:03:40
22249239820,2026-02-21 03:11:23,2026-02-28,Canterbury Bulldogs,St George Illawarra Dragons,1.48,2.66,2026-02-21 03:11:20
22249239820,2026-02-21 03:11:23,2026-03-01,Newcastle Knights,North Queensland Cowboys,2.59,1.53,2026-02-21 03:11:20
22249239820,2026-02-21 03:11:23,2026-03-05,Melbourne Storm,Parramatta Eels,1.4,3.06,2026-02-21 03:11:20
22249239820,2026-02-21 03:11:23,2026-03-06,New Zealand Warriors,Sydney Roosters,2.9,1.57,2026-02-21 03:11:20
22249239820,2026-02-21 03:11:23,2026-03-06,Brisbane Broncos,Penrith Panthers,1.45,2.96,2026-02-21 03:11:20
22249239820,2026-02-21 03:11:23,2026-03-07,Cronulla Sutherland Sharks,Gold Coast Titans,1.35,3.4,2026-02-21 03:11:20
22249239820,2026-02-21 03:11:23,2026-03-07,Manly Warringah Sea Eagles,Canberra Raiders,1.97,2.0,2026-02-21 03:11:20
22249239820,2026-02-21 03:11:23,2026-03-08,Dolphins,South Sydney Rabbitohs,1.65,2.26,2026-02-21 03:11:20
22249473544,2026-02-21 03:28:09,2026-02-28,Canterbury Bulldogs,St George Illawarra Dragons,1.48,2.66,2026-02-21 03:28:05
22249473544,2026-02-21 03:28:09,2026-03-01,Newcastle Knights,North Queensland Cowboys,2.59,1.53,2026-02-21 03:28:05
22249473544,2026-02-21 03:28:09,2026-03-05,Melbourne Storm,Parramatta Eels,1.4,3.06,2026-02-21 03:28:05
22249473544,2026-02-21 03:28:09,2026-03-06,New Zealand Warriors,Sydney Roosters,2.9,1.57,2026-02-21 03:28:05
22249473544,2026-02-21 03:28:09,2026-03-06,Brisbane Broncos,Penrith Panthers,1.45,2.96,2026-02-21 03:28:05
22249473544,2026-02-21 03:28:09,2026-03-07,Cronulla Sutherland Sharks,Gold Coast Titans,1.35,3.4,2026-02-21 03:28:05
22249473544,2026-02-21 03:28:09,2026-03-07,Manly Warringah Sea Eagles,Canberra Raiders,1.97,2.0,2026-02-21 03:28:05
22249473544,2026-02-21 03:28:09,2026-03-08,Dolphins,South Sydney Rabbitohs,1.65,2.26,2026-02-21 03:28:05
22249535089,2026-02-21 03:32:58,2026-02-28,Canterbury Bulldogs,St George Illawarra Dragons,1.48,2.66,2026-02-21 03:32:54
22249535089,2026-02-21 03:32:58,2026-03-01,Newcastle Knights,North Queensland Cowboys,2.59,1.53,2026-02-21 03:32:54
22249535089,2026-02-21 03:32:58,2026-03-05,Melbourne Storm,Parramatta Eels,1.4,3.06,2026-02-21 03:32:54
22249535089,2026-02-21 03:32:58,2026-03-06,New Zealand Warriors,Sydney Roosters,2.9,1.57,2026-02-21 03:32:54
22249535089,2026-02-21 03:32:58,2026-03-06,Brisbane Broncos,Penrith Panthers,1.45,2.96,2026-02-21 03:32:54
22249535089,2026-02-21 03:32:58,2026-03-07,Cronulla Sutherland Sharks,Gold Coast Titans,1.35,3.4,2026-02-21 03:32:54
22249535089,2026-02-21 03:32:58,2026-03-07,Manly Warringah Sea Eagles,Canberra Raiders,1.97,2.0,2026-02-21 03:32:54
22249535089,2026-02-21 03:32:58,2026-03-08,Dolphins,South Sydney Rabbitohs,1.65,2.26,2026-02-21 03:32:54
22249812361,2026-02-21 03:53:11,2026-02-28,Canterbury Bulldogs,St George Illawarra Dragons,1.48,2.66,2026-02-21 03:53:08
22249812361,2026-02-21 03:53:11,2026-03-01,Newcastle Knights,North Queensland Cowboys,2.59,1.53,2026-02-21 03:53:08
22249812361,2026-02-21 03:53:11,2026-03-05,Melbourne Storm,Parramatta Eels,1.4,3.06,2026-02-21 03:53:08
22249812361,2026-02-21 03:53:11,2026-03-06,New Zealand Warriors,Sydney Roosters,2.9,1.57,2026-02-21 03:53:08
22249812361,2026-02-21 03:53:11,2026-03-06,Brisbane Broncos,Penrith Panthers,1.45,2.96,2026-02-21 03:53:08
22249812361,2026-02-21 03:53:11,2026-03-07,Cronulla Sutherland Sharks,Gold Coast Titans,1.35,3.4,2026-02-21 03:53:08
22249812361,2026-02-21 03:53:11,2026-03-07,Manly Warringah Sea Eagles,Canberra Raiders,1.97,2.0,2026-02-21 03:53:08
22249812361,2026-02-21 03:53:11,2026-03-08,Dolphins,South Sydney Rabbitohs,1.65,2.26,2026-02-21 03:53:08
22250095635,2026-02-21 04:13:02,2026-02-28,Canterbury Bulldogs,St George Illawarra Dragons,1.48,2.66,2026-02-21 04:13:01
22250095635,2026-02-21 04:13:02,2026-03-01,Newcastle Knights,North Queensland Cowboys,2.59,1.53,2026-02-21 04:13:01
22250095635,2026-02-21 04:13:02,2026-03-05,Melbourne Storm,Parramatta Eels,1.4,3.06,2026-02-21 04:13:01
22250095635,2026-02-21 04:13:02,2026-03-06,New Zealand Warriors,Sydney Roosters,2.9,1.57,2026-02-21 04:13:01
22250095635,2026-02-21 04:13:02,2026-03-06,Brisbane Broncos,Penrith Panthers,1.45,2.96,2026-02-21 04:13:01
22250095635,2026-02-21 04:13:02,2026-03-07,Cronulla Sutherland Sharks,Gold Coast Titans,1.35,3.4,2026-02-21 04:13:01
22250095635,2026-02-21 04:13:02,2026-03-07,Manly Warringah Sea Eagles,Canberra Raiders,1.97,2.0,2026-02-21 04:13:01
22250095635,2026-02-21 04:13:02,2026-03-08,Dolphins,South Sydney Rabbitohs,1.65,2.26,2026-02-21 04:13:01
22263447347,2026-02-21 20:05:32,2026-02-28,Canterbury Bulldogs,St George Illawarra Dragons,1.48,2.69,2026-02-21 20:05:30
22263447347,2026-02-21 20:05:32,2026-03-01,Newcastle Knights,North Queensland Cowboys,2.55,1.55,2026-02-21 20:05:30
22263447347,2026-02-21 20:05:32,2026-03-05,Melbourne Storm,Parramatta Eels,1.42,3.06,2026-02-21 20:05:30
22263447347,2026-02-21 20:05:32,2026-03-06,New Zealand Warriors,Sydney Roosters,2.56,1.57,2026-02-21 20:05:30
22263447347,2026-02-21 20:05:32,2026-03-06,Brisbane Broncos,Penrith Panthers,1.45,2.96,2026-02-21 20:05:30
22263447347,2026-02-21 20:05:32,2026-03-07,Cronulla Sutherland Sharks,Gold Coast Titans,1.35,3.4,2026-02-21 20:05:30
22263447347,2026-02-21 20:05:32,2026-03-07,Manly Warringah Sea Eagles,Canberra Raiders,1.97,2.0,2026-02-21 20:05:30
22263447347,2026-02-21 20:05:32,2026-03-08,Dolphins,South Sydney Rabbitohs,1.65,2.26,2026-02-21 20:05:30
22263686593,2026-02-21 20:21:18,2026-02-28,Canterbury Bulldogs,St George Illawarra Dragons,1.48,2.69,2026-02-21 20:21:16
22263686593,2026-02-21 20:21:18,2026-03-01,Newcastle Knights,North Queensland Cowboys,2.55,1.55,2026-02-21 20:21:16
22263686593,2026-02-21 20:21:18,2026-03-05,Melbourne Storm,Parramatta Eels,1.42,3.06,2026-02-21 20:21:16
22263686593,2026-02-21 20:21:18,2026-03-06,New Zealand Warriors,Sydney Roosters,2.56,1.57,2026-02-21 20:21:16
22263686593,2026-02-21 20:21:18,2026-03-06,Brisbane Broncos,Penrith Panthers,1.45,2.96,2026-02-21 20:21:16
22263686593,2026-02-21 20:21:18,2026-03-07,Cronulla Sutherland Sharks,Gold Coast Titans,1.35,3.4,2026-02-21 20:21:16
22263686593,2026-02-21 20:21:18,2026-03-07,Manly Warringah Sea Eagles,Canberra Raiders,1.97,2.0,2026-02-21 20:21:16
22263686593,2026-02-21 20:21:18,2026-03-08,Dolphins,South Sydney Rabbitohs,1.65,2.26,2026-02-21 20:21:16
22264000967,2026-02-21 20:42:32,2026-02-28,Canterbury Bulldogs,St George Illawarra Dragons,1.48,2.69,2026-02-21 20:42:31
22264000967,2026-02-21 20:42:32,2026-03-01,Newcastle Knights,North Queensland Cowboys,2.55,1.55,2026-02-21 20:42:31
22264000967,2026-02-21 20:42:32,2026-03-05,Melbourne Storm,Parramatta Eels,1.42,3.06,2026-02-21 20:42:31
22264000967,2026-02-21 20:42:32,2026-03-06,New Zealand Warriors,Sydney Roosters,2.56,1.57,2026-02-21 20:42:31
22264000967,2026-02-21 20:42:32,2026-03-06,Brisbane Broncos,Penrith Panthers,1.45,2.96,2026-02-21 20:42:31
22264000967,2026-02-21 20:42:32,2026-03-07,Cronulla Sutherland Sharks,Gold Coast Titans,1.35,3.4,2026-02-21 20:42:31
22264000967,2026-02-21 20:42:32,2026-03-07,Manly Warringah Sea Eagles,Canberra Raiders,1.97,2.0,2026-02-21 20:42:31
22264000967,2026-02-21 20:42:32,2026-03-08,Dolphins,South Sydney Rabbitohs,1.65,2.26,2026-02-21 20:42:31
22264091696,2026-02-21 20:48:42,2026-02-28,Canterbury Bulldogs,St George Illawarra Dragons,1.48,2.69,2026-02-21 20:48:40
22264091696,2026-02-21 20:48:42,2026-03-01,Newcastle Knights,North Queensland Cowboys,2.55,1.55,2026-02-21 20:48:40
22264091696,2026-02-21 20:48:42,2026-03-05,Melbourne Storm,Parramatta Eels,1.42,3.06,2026-02-21 20:48:40
22264091696,2026-02-21 20:48:42,2026-03-06,New Zealand Warriors,Sydney Roosters,2.56,1.57,2026-02-21 20:48:40
22264091696,2026-02-21 20:48:42,2026-03-06,Brisbane Broncos,Penrith Panthers,1.45,2.96,2026-02-21 20:48:40
22264091696,2026-02-21 20:48:42,2026-03-07,Cronulla Sutherland Sharks,Gold Coast Titans,1.35,3.4,2026-02-21 20:48:40
22264091696,2026-02-21 20:48:42,2026-03-07,Manly Warringah Sea Eagles,Canberra Raiders,1.97,2.0,2026-02-21 20:48:40
22264091696,2026-02-21 20:48:42,2026-03-08,Dolphins,South Sydney Rabbitohs,1.65,2.26,2026-02-21 20:48:40
22264168386,2026-02-21 20:53:47,2026-02-28,Canterbury Bulldogs,St George Illawarra Dragons,1.48,2.69,2026-02-21 20:53:45
22264168386,2026-02-21 20:53:47,2026-03-01,Newcastle Knights,North Queensland Cowboys,2.55,1.55,2026-02-21 20:53:45
22264168386,2026-02-21 20:53:47,2026-03-05,Melbourne Storm,Parramatta Eels,1.42,3.06,2026-02-21 20:53:45
22264168386,2026-02-21 20:53:47,2026-03-06,New Zealand Warriors,Sydney Roosters,2.56,1.57,2026-02-21 20:53:45
22264168386,2026-02-21 20:53:47,2026-03-06,Brisbane Broncos,Penrith Panthers,1.45,2.96,2026-02-21 20:53:45
22264168386,2026-02-21 20:53:47,2026-03-07,Cronulla Sutherland Sharks,Gold Coast Titans,1.35,3.4,2026-02-21 20:53:45
22264168386,2026-02-21 20:53:47,2026-03-07,Manly Warringah Sea Eagles,Canberra Raiders,1.97,2.0,2026-02-21 20:53:45
22264168386,2026-02-21 20:53:47,2026-03-08,Dolphins,South Sydney Rabbitohs,1.65,2.26,2026-02-21 20:53:45
22264291349,2026-02-21 21:02:05,2026-02-28,Canterbury Bulldogs,St George Illawarra Dragons,1.48,2.69,2026-02-21 21:02:03
22264291349,2026-02-21 21:02:05,2026-03-01,Newcastle Knights,North Queensland Cowboys,2.55,1.55,2026-02-21 21:02:03
22264291349,2026-02-21 21:02:05,2026-03-05,Melbourne Storm,Parramatta Eels,1.42,3.06,2026-02-21 21:02:03
22264291349,2026-02-21 21:02:05,2026-03-06,New Zealand Warriors,Sydney Roosters,2.56,1.57,2026-02-21 21:02:03
22264291349,2026-02-21 21:02:05,2026-03-06,Brisbane Broncos,Penrith Panthers,1.45,2.96,2026-02-21 21:02:03
22264291349,2026-02-21 21:02:05,2026-03-07,Cronulla Sutherland Sharks,Gold Coast Titans,1.35,3.4,2026-02-21 21:02:03
22264291349,2026-02-21 21:02:05,2026-03-07,Manly Warringah Sea Eagles,Canberra Raiders,1.97,2.0,2026-02-21 21:02:03
22264291349,2026-02-21 21:02:05,2026-03-08,Dolphins,South Sydney Rabbitohs,1.65,2.26,2026-02-21 21:02:03
22264397301,2026-02-21 21:09:00,2026-02-28,Canterbury Bulldogs,St George Illawarra Dragons,1.48,2.69,2026-02-21 21:08:59
22264397301,2026-02-21 21:09:00,2026-03-01,Newcastle Knights,North Queensland Cowboys,2.55,1.55,2026-02-21 21:08:59
22264397301,2026-02-21 21:09:00,2026-03-05,Melbourne Storm,Parramatta Eels,1.42,3.06,2026-02-21 21:08:59
22264397301,2026-02-21 21:09:00,2026-03-06,New Zealand Warriors,Sydney Roosters,2.56,1.57,2026-02-21 21:08:59
22264397301,2026-02-21 21:09:00,2026-03-06,Brisbane Broncos,Penrith Panthers,1.45,2.96,2026-02-21 21:08:59
22264397301,2026-02-21 21:09:00,2026-03-07,Cronulla Sutherland Sharks,Gold Coast Titans,1.35,3.4,2026-02-21 21:08:59
22264397301,2026-02-21 21:09:00,2026-03-07,Manly Warringah Sea Eagles,Canberra Raiders,1.97,2.0,2026-02-21 21:08:59
22264397301,2026-02-21 21:09:00,2026-03-08,Dolphins,South Sydney Rabbitohs,1.65,2.26,2026-02-21 21:08:59
22264613711,2026-02-21 21:23:38,2026-02-28,Canterbury Bulldogs,St George Illawarra Dragons,1.48,2.69,2026-02-21 21:23:35
22264613711,2026-02-21 21:23:38,2026-03-01,Newcastle Knights,North Queensland Cowboys,2.55,1.55,2026-02-21 21:23:35
22264613711,2026-02-21 21:23:38,2026-03-05,Melbourne Storm,Parramatta Eels,1.42,3.06,2026-02-21 21:23:35
22264613711,2026-02-21 21:23:38,2026-03-06,New Zealand Warriors,Sydney Roosters,2.56,1.57,2026-02-21 21:23:35
22264613711,2026-02-21 21:23:38,2026-03-06,Brisbane Broncos,Penrith Panthers,1.45,2.96,2026-02-21 21:23:35
22264613711,2026-02-21 21:23:38,2026-03-07,Cronulla Sutherland Sharks,Gold Coast Titans,1.35,3.4,2026-02-21 21:23:35
22264613711,2026-02-21 21:23:38,2026-03-07,Manly Warringah Sea Eagles,Canberra Raiders,1.97,2.0,2026-02-21 21:23:35
22264613711,2026-02-21 21:23:38,2026-03-08,Dolphins,South Sydney Rabbitohs,1.65,2.26,2026-02-21 21:23:35
22264884327,2026-02-21 21:41:46,2026-02-28,Canterbury Bulldogs,St George Illawarra Dragons,1.48,2.69,2026-02-21 21:41:43
22264884327,2026-02-21 21:41:46,2026-03-01,Newcastle Knights,North Queensland Cowboys,2.55,1.55,2026-02-21 21:41:43
22264884327,2026-02-21 21:41:46,2026-03-05,Melbourne Storm,Parramatta Eels,1.42,3.06,2026-02-21 21:41:43
22264884327,2026-02-21 21:41:46,2026-03-06,New Zealand Warriors,Sydney Roosters,2.56,1.57,2026-02-21 21:41:43
22264884327,2026-02-21 21:41:46,2026-03-06,Brisbane Broncos,Penrith Panthers,1.45,2.96,2026-02-21 21:41:43
22264884327,2026-02-21 21:41:46,2026-03-07,Cronulla Sutherland Sharks,Gold Coast Titans,1.35,3.4,2026-02-21 21:41:43
22264884327,2026-02-21 21:41:46,2026-03-07,Manly Warringah Sea Eagles,Canberra Raiders,1.97,2.0,2026-02-21 21:41:43
22264884327,2026-02-21 21:41:46,2026-03-08,Dolphins,South Sydney Rabbitohs,1.65,2.26,2026-02-21 21:41:43
22265093440,2026-02-21 21:55:57,2026-02-28,Canterbury Bulldogs,St George Illawarra Dragons,1.48,2.69,2026-02-21 21:55:54
22265093440,2026-02-21 21:55:57,2026-03-01,Newcastle Knights,North Queensland Cowboys,2.55,1.55,2026-02-21 21:55:54
22265093440,2026-02-21 21:55:57,2026-03-05,Melbourne Storm,Parramatta Eels,1.42,3.06,2026-02-21 21:55:54
22265093440,2026-02-21 21:55:57,2026-03-06,New Zealand Warriors,Sydney Roosters,2.56,1.57,2026-02-21 21:55:54
22265093440,2026-02-21 21:55:57,2026-03-06,Brisbane Broncos,Penrith Panthers,1.45,2.96,2026-02-21 21:55:54
22265093440,2026-02-21 21:55:57,2026-03-07,Cronulla Sutherland Sharks,Gold Coast Titans,1.35,3.4,2026-02-21 21:55:54
22265093440,2026-02-21 21:55:57,2026-03-07,Manly Warringah Sea Eagles,Canberra Raiders,1.97,2.0,2026-02-21 21:55:54
22265093440,2026-02-21 21:55:57,2026-03-08,Dolphins,South Sydney Rabbitohs,1.65,2.26,2026-02-21 21:55:54
22284139389,2026-02-22 19:53:21,2026-02-28,Canterbury Bulldogs,St George Illawarra Dragons,1.43,2.9,2026-02-22 19:53:18
22284139389,2026-02-22 19:53:21,2026-03-01,Newcastle Knights,North Queensland Cowboys,2.55,1.53,2026-02-22 19:53:18
22284139389,2026-02-22 19:53:21,2026-03-05,Melbourne Storm,Parramatta Eels,1.45,3.06,2026-02-22 19:53:18
22284139389,2026-02-22 19:53:21,2026-03-06,New Zealand Warriors,Sydney Roosters,2.56,1.52,2026-02-22 19:53:18
22284139389,2026-02-22 19:53:21,2026-03-06,Brisbane Broncos,Penrith Panthers,1.45,2.96,2026-02-22 19:53:18
22284139389,2026-02-22 19:53:21,2026-03-07,Cronulla Sutherland Sharks,Gold Coast Titans,1.35,3.4,2026-02-22 19:53:18
22284139389,2026-02-22 19:53:21,2026-03-07,Manly Warringah Sea Eagles,Canberra Raiders,1.97,2.0,2026-02-22 19:53:18
22284139389,2026-02-22 19:53:21,2026-03-08,Dolphins,South Sydney Rabbitohs,1.79,2.07,2026-02-22 19:53:18
22326774148,2026-02-23 22:05:37,2026-03-01,Newcastle Knights,North Queensland Cowboys,2.55,1.55,2026-02-23 22:05:34
22326774148,2026-02-23 22:05:37,2026-03-01,Canterbury Bulldogs,St George Illawarra Dragons,1.43,3.0,2026-02-23 22:05:34
22326774148,2026-02-23 22:05:37,2026-03-05,Melbourne Storm,Parramatta Eels,1.47,2.9,2026-02-23 22:05:34
22326774148,2026-02-23 22:05:37,2026-03-06,New Zealand Warriors,Sydney Roosters,2.62,1.55,2026-02-23 22:05:34
22326774148,2026-02-23 22:05:37,2026-03-06,Brisbane Broncos,Penrith Panthers,1.72,2.15,2026-02-23 22:05:34
22326774148,2026-02-23 22:05:37,2026-03-07,Cronulla Sutherland Sharks,Gold Coast Titans,1.35,3.29,2026-02-23 22:05:34
22326774148,2026-02-23 22:05:37,2026-03-07,Manly Warringah Sea Eagles,Canberra Raiders,1.9,1.97,2026-02-23 22:05:34
22326774148,2026-02-23 22:05:37,2026-03-08,Dolphins,South Sydney Rabbitohs,1.8,2.07,2026-02-23 22:05:34
22335152770,2026-02-24 03:19:48,2026-03-01,Newcastle Knights,North Queensland Cowboys,2.55,1.55,2026-02-24 03:19:46
22335152770,2026-02-24 03:19:48,2026-03-01,Canterbury Bulldogs,St George Illawarra Dragons,1.43,3.0,2026-02-24 03:19:46
22335152770,2026-02-24 03:19:48,2026-03-05,Melbourne Storm,Parramatta Eels,1.47,2.8,2026-02-24 03:19:46
22335152770,2026-02-24 03:19:48,2026-03-06,New Zealand Warriors,Sydney Roosters,2.62,1.55,2026-02-24 03:19:46
22335152770,2026-02-24 03:19:48,2026-03-06,Brisbane Broncos,Penrith Panthers,1.72,2.15,2026-02-24 03:19:46
22335152770,2026-02-24 03:19:48,2026-03-07,Cronulla Sutherland Sharks,Gold Coast Titans,1.35,3.29,2026-02-24 03:19:46
22335152770,2026-02-24 03:19:48,2026-03-07,Manly Warringah Sea Eagles,Canberra Raiders,1.9,1.97,2026-02-24 03:19:46
22335152770,2026-02-24 03:19:48,2026-03-08,Dolphins,South Sydney Rabbitohs,1.8,2.07,2026-02-24 03:19:46
22337664960,2026-02-24 05:15:18,2026-03-01,Newcastle Knights,North Queensland Cowboys,2.48,1.57,2026-02-24 05:15:15
22337664960,2026-02-24 05:15:18,2026-03-01,Canterbury Bulldogs,St George Illawarra Dragons,1.42,3.0,2026-02-24 05:15:15
22337664960,2026-02-24 05:15:18,2026-03-05,Melbourne Storm,Parramatta Eels,1.46,2.8,2026-02-24 05:15:15
22337664960,2026-02-24 05:15:18,2026-03-06,New Zealand Warriors,Sydney Roosters,2.62,1.53,2026-02-24 05:15:15
22337664960,2026-02-24 05:15:18,2026-03-06,Brisbane Broncos,Penrith Panthers,1.72,2.15,2026-02-24 05:15:15
22337664960,2026-02-24 05:15:18,2026-03-07,Cronulla Sutherland Sharks,Gold Coast Titans,1.35,3.29,2026-02-24 05:15:15
22337664960,2026-02-24 05:15:18,2026-03-07,Manly Warringah Sea Eagles,Canberra Raiders,1.9,1.97,2026-02-24 05:15:15
22337664960,2026-02-24 05:15:18,2026-03-08,Dolphins,South Sydney Rabbitohs,1.8,2.07,2026-02-24 05:15:15
22338200991,2026-02-24 05:38:44,2026-03-01,Newcastle Knights,North Queensland Cowboys,2.48,1.57,2026-02-24 05:38:42
22338200991,2026-02-24 05:38:44,2026-03-01,Canterbury Bulldogs,St George Illawarra Dragons,1.44,2.9,2026-02-24 05:38:42
22338200991,2026-02-24 05:38:44,2026-03-05,Melbourne Storm,Parramatta Eels,1.46,2.8,2026-02-24 05:38:42
22338200991,2026-02-24 05:38:44,2026-03-06,New Zealand Warriors,Sydney Roosters,2.62,1.53,2026-02-24 05:38:42
22338200991,2026-02-24 05:38:44,2026-03-06,Brisbane Broncos,Penrith Panthers,1.72,2.15,2026-02-24 05:38:42
22338200991,2026-02-24 05:38:44,2026-03-07,Cronulla Sutherland Sharks,Gold Coast Titans,1.35,3.29,2026-02-24 05:38:42
22338200991,2026-02-24 05:38:44,2026-03-07,Manly Warringah Sea Eagles,Canberra Raiders,1.9,1.97,2026-02-24 05:38:42
22338200991,2026-02-24 05:38:44,2026-03-08,Dolphins,South Sydney Rabbitohs,1.8,2.07,2026-02-24 05:38:42
22370022751,2026-02-24 21:05:30,2026-03-01,Newcastle Knights,North Queensland Cowboys,2.47,1.6,2026-02-24 21:05:28
22370022751,2026-02-24 21:05:30,2026-03-01,Canterbury Bulldogs,St George Illawarra Dragons,1.4,3.16,2026-02-24 21:05:28
22370022751,2026-02-24 21:05:30,2026-03-05,Melbourne Storm,Parramatta Eels,1.46,2.8,2026-02-24 21:05:28
22370022751,2026-02-24 21:05:30,2026-03-06,New Zealand Warriors,Sydney Roosters,2.62,1.53,2026-02-24 21:05:28
22370022751,2026-02-24 21:05:30,2026-03-06,Brisbane Broncos,Penrith Panthers,1.72,2.15,2026-02-24 21:05:28
22370022751,2026-02-24 21:05:30,2026-03-07,Cronulla Sutherland Sharks,Gold Coast Titans,1.35,3.29,2026-02-24 21:05:28
22370022751,2026-02-24 21:05:30,2026-03-07,Manly Warringah Sea Eagles,Canberra Raiders,1.9,1.97,2026-02-24 21:05:28
22370022751,2026-02-24 21:05:30,2026-03-08,Dolphins,South Sydney Rabbitohs,1.8,2.07,2026-02-24 21:05:28
22370631071,2026-02-24 21:22:55,2026-03-01,Newcastle Knights,North Queensland Cowboys,2.47,1.6,2026-02-24 21:22:52
22370631071,2026-02-24 21:22:55,2026-03-01,Canterbury Bulldogs,St George Illawarra Dragons,1.4,3.16,2026-02-24 21:22:52
22370631071,2026-02-24 21:22:55,2026-03-05,Melbourne Storm,Parramatta Eels,1.46,2.8,2026-02-24 21:22:52
22370631071,2026-02-24 21:22:55,2026-03-06,New Zealand Warriors,Sydney Roosters,2.62,1.53,2026-02-24 21:22:52
22370631071,2026-02-24 21:22:55,2026-03-06,Brisbane Broncos,Penrith Panthers,1.72,2.15,2026-02-24 21:22:52
22370631071,2026-02-24 21:22:55,2026-03-07,Cronulla Sutherland Sharks,Gold Coast Titans,1.35,3.29,2026-02-24 21:22:52
22370631071,2026-02-24 21:22:55,2026-03-07,Manly Warringah Sea Eagles,Canberra Raiders,1.9,1.97,2026-02-24 21:22:52
22370631071,2026-02-24 21:22:55,2026-03-08,Dolphins,South Sydney Rabbitohs,1.8,2.07,2026-02-24 21:22:52
22371070067,2026-02-24 21:35:34,2026-03-01,Newcastle Knights,North Queensland Cowboys,2.47,1.6,2026-02-24 21:35:31
22371070067,2026-02-24 21:35:34,2026-03-01,Canterbury Bulldogs,St George Illawarra Dragons,1.4,3.16,2026-02-24 21:35:31
22371070067,2026-02-24 21:35:34,2026-03-05,Melbourne Storm,Parramatta Eels,1.46,2.8,2026-02-24 21:35:31
22371070067,2026-02-24 21:35:34,2026-03-06,New Zealand Warriors,Sydney Roosters,2.62,1.53,2026-02-24 21:35:31
22371070067,2026-02-24 21:35:34,2026-03-06,Brisbane Broncos,Penrith Panthers,1.72,2.15,2026-02-24 21:35:31
22371070067,2026-02-24 21:35:34,2026-03-07,Cronulla Sutherland Sharks,Gold Coast Titans,1.35,3.29,2026-02-24 21:35:31
22371070067,2026-02-24 21:35:34,2026-03-07,Manly Warringah Sea Eagles,Canberra Raiders,1.9,1.97,2026-02-24 21:35:31
22371070067,2026-02-24 21:35:34,2026-03-08,Dolphins,South Sydney Rabbitohs,1.8,2.07,2026-02-24 21:35:31
22371628721,2026-02-24 21:52:20,2026-03-01,Newcastle Knights,North Queensland Cowboys,2.47,1.6,2026-02-24 21:52:18
22371628721,2026-02-24 21:52:20,2026-03-01,Canterbury Bulldogs,St George Illawarra Dragons,1.4,3.16,2026-02-24 21:52:18
22371628721,2026-02-24 21:52:20,2026-03-05,Melbourne Storm,Parramatta Eels,1.46,2.8,2026-02-24 21:52:18
22371628721,2026-02-24 21:52:20,2026-03-06,New Zealand Warriors,Sydney Roosters,2.62,1.53,2026-02-24 21:52:18
22371628721,2026-02-24 21:52:20,2026-03-06,Brisbane Broncos,Penrith Panthers,1.72,2.15,2026-02-24 21:52:18
22371628721,2026-02-24 21:52:20,2026-03-07,Cronulla Sutherland Sharks,Gold Coast Titans,1.35,3.29,2026-02-24 21:52:18
22371628721,2026-02-24 21:52:20,2026-03-07,Manly Warringah Sea Eagles,Canberra Raiders,1.9,1.97,2026-02-24 21:52:18
22371628721,2026-02-24 21:52:20,2026-03-08,Dolphins,South Sydney Rabbitohs,1.8,2.07,2026-02-24 21:52:18
22377653168,2026-02-25 01:17:27,2026-03-01,Newcastle Knights,North Queensland Cowboys,2.47,1.6,2026-02-25 01:17:23
22377653168,2026-02-25 01:17:27,2026-03-01,Canterbury Bulldogs,St George Illawarra Dragons,1.4,3.16,2026-02-25 01:17:23
22377653168,2026-02-25 01:17:27,2026-03-05,Melbourne Storm,Parramatta Eels,1.46,2.8,2026-02-25 01:17:23
22377653168,2026-02-25 01:17:27,2026-03-06,New Zealand Warriors,Sydney Roosters,2.62,1.53,2026-02-25 01:17:23
22377653168,2026-02-25 01:17:27,2026-03-06,Brisbane Broncos,Penrith Panthers,1.72,2.15,2026-02-25 01:17:23
22377653168,2026-02-25 01:17:27,2026-03-07,Cronulla Sutherland Sharks,Gold Coast Titans,1.35,3.29,2026-02-25 01:17:23
22377653168,2026-02-25 01:17:27,2026-03-07,Manly Warringah Sea Eagles,Canberra Raiders,1.9,1.97,2026-02-25 01:17:23
22377653168,2026-02-25 01:17:27,2026-03-08,Dolphins,South Sydney Rabbitohs,1.81,2.05,2026-02-25 01:17:23
22378168140,2026-02-25 01:36:25,2026-03-01,Newcastle Knights,North Queensland Cowboys,2.47,1.6,2026-02-25 01:36:23
22378168140,2026-02-25 01:36:25,2026-03-01,Canterbury Bulldogs,St George Illawarra Dragons,1.4,3.16,2026-02-25 01:36:23
22378168140,2026-02-25 01:36:25,2026-03-05,Melbourne Storm,Parramatta Eels,1.46,2.8,2026-02-25 01:36:23
22378168140,2026-02-25 01:36:25,2026-03-06,New Zealand Warriors,Sydney Roosters,2.62,1.53,2026-02-25 01:36:23
22378168140,2026-02-25 01:36:25,2026-03-06,Brisbane Broncos,Penrith Panthers,1.72,2.15,2026-02-25 01:36:23
22378168140,2026-02-25 01:36:25,2026-03-07,Cronulla Sutherland Sharks,Gold Coast Titans,1.35,3.29,2026-02-25 01:36:23
22378168140,2026-02-25 01:36:25,2026-03-07,Manly Warringah Sea Eagles,Canberra Raiders,1.9,1.97,2026-02-25 01:36:23
22378168140,2026-02-25 01:36:25,2026-03-08,Dolphins,South Sydney Rabbitohs,1.81,2.05,2026-02-25 01:36:23
22378969429,2026-02-25 02:08:15,2026-03-01,Newcastle Knights,North Queensland Cowboys,2.47,1.6,2026-02-25 02:08:12
22378969429,2026-02-25 02:08:15,2026-03-01,Canterbury Bulldogs,St George Illawarra Dragons,1.4,3.16,2026-02-25 02:08:12
22378969429,2026-02-25 02:08:15,2026-03-05,Melbourne Storm,Parramatta Eels,1.46,2.8,2026-02-25 02:08:12
22378969429,2026-02-25 02:08:15,2026-03-06,New Zealand Warriors,Sydney Roosters,2.62,1.53,2026-02-25 02:08:12
22378969429,2026-02-25 02:08:15,2026-03-06,Brisbane Broncos,Penrith Panthers,1.72,2.15,2026-02-25 02:08:12
22378969429,2026-02-25 02:08:15,2026-03-07,Cronulla Sutherland Sharks,Gold Coast Titans,1.35,3.29,2026-02-25 02:08:12
22378969429,2026-02-25 02:08:15,2026-03-07,Manly Warringah Sea Eagles,Canberra Raiders,1.9,1.97,2026-02-25 02:08:12
22378969429,2026-02-25 02:08:15,2026-03-08,Dolphins,South Sydney Rabbitohs,1.81,2.05,2026-02-25 02:08:12
22415872463,2026-02-25 21:05:13,2026-03-01,Newcastle Knights,North Queensland Cowboys,2.45,1.6,2026-02-25 21:05:11
22415872463,2026-02-25 21:05:13,2026-03-01,Canterbury Bulldogs,St George Illawarra Dragons,1.4,3.16,2026-02-25 21:05:11
22415872463,2026-02-25 21:05:13,2026-03-05,Melbourne Storm,Parramatta Eels,1.47,2.8,2026-02-25 21:05:11
22415872463,2026-02-25 21:05:13,2026-03-06,New Zealand Warriors,Sydney Roosters,2.62,1.53,2026-02-25 21:05:11
22415872463,2026-02-25 21:05:13,2026-03-06,Brisbane Broncos,Penrith Panthers,1.72,2.15,2026-02-25 21:05:11
22415872463,2026-02-25 21:05:13,2026-03-07,Cronulla Sutherland Sharks,Gold Coast Titans,1.35,3.29,2026-02-25 21:05:11
22415872463,2026-02-25 21:05:13,2026-03-07,Manly Warringah Sea Eagles,Canberra Raiders,1.9,1.97,2026-02-25 21:05:11
22415872463,2026-02-25 21:05:13,2026-03-08,Dolphins,South Sydney Rabbitohs,1.81,2.05,2026-02-25 21:05:11
22416143908,2026-02-25 21:12:59,2026-03-01,Newcastle Knights,North Queensland Cowboys,2.45,1.6,2026-02-25 21:12:57
22416143908,2026-02-25 21:12:59,2026-03-01,Canterbury Bulldogs,St George Illawarra Dragons,1.4,3.16,2026-02-25 21:12:57
22416143908,2026-02-25 21:12:59,2026-03-05,Melbourne Storm,Parramatta Eels,1.47,2.8,2026-02-25 21:12:57
22416143908,2026-02-25 21:12:59,2026-03-06,New Zealand Warriors,Sydney Roosters,2.62,1.53,2026-02-25 21:12:57
22416143908,2026-02-25 21:12:59,2026-03-06,Brisbane Broncos,Penrith Panthers,1.72,2.15,2026-02-25 21:12:57
22416143908,2026-02-25 21:12:59,2026-03-07,Cronulla Sutherland Sharks,Gold Coast Titans,1.35,3.29,2026-02-25 21:12:57
22416143908,2026-02-25 21:12:59,2026-03-07,Manly Warringah Sea Eagles,Canberra Raiders,1.9,1.97,2026-02-25 21:12:57
22416143908,2026-02-25 21:12:59,2026-03-08,Dolphins,South Sydney Rabbitohs,1.81,2.05,2026-02-25 21:12:57
22416436704,2026-02-25 21:21:16,2026-03-01,Newcastle Knights,North Queensland Cowboys,2.45,1.6,2026-02-25 21:21:14
22416436704,2026-02-25 21:21:16,2026-03-01,Canterbury Bulldogs,St George Illawarra Dragons,1.4,3.16,2026-02-25 21:21:14
22416436704,2026-02-25 21:21:16,2026-03-05,Melbourne Storm,Parramatta Eels,1.46,2.8,2026-02-25 21:21:14
22416436704,2026-02-25 21:21:16,2026-03-06,New Zealand Warriors,Sydney Roosters,2.62,1.53,2026-02-25 21:21:14
22416436704,2026-02-25 21:21:16,2026-03-06,Brisbane Broncos,Penrith Panthers,1.72,2.15,2026-02-25 21:21:14
22416436704,2026-02-25 21:21:16,2026-03-07,Cronulla Sutherland Sharks,Gold Coast Titans,1.35,3.29,2026-02-25 21:21:14
22416436704,2026-02-25 21:21:16,2026-03-07,Manly Warringah Sea Eagles,Canberra Raiders,1.9,1.97,2026-02-25 21:21:14
22416436704,2026-02-25 21:21:16,2026-03-08,Dolphins,South Sydney Rabbitohs,1.81,2.05,2026-02-25 21:21:14
