date,home,away,run_id,round_key,predicted_winner,actual_winner,correct,home_win_probability,winner_probability,exp_margin_home,actual_margin_home,margin_error,brier
2026-05-07,Dolphins,Bulldogs,20260506205139,nan,Dolphins,Dolphins,1,0.731,0.731,25.8,32.0,6.2,0.0724
2026-05-08,Cowboys,Eels,20260507205324,nan,Cowboys,Eels,0,0.784,0.784,26.5,-3.0,29.5,0.6147
2026-05-08,Roosters,Titans,20260507205324,nan,Roosters,Roosters,1,0.853,0.853,26.9,16.0,10.9,0.0216
2026-05-09,Dragons,Knights,20260508211123,nan,Knights,Knights,1,0.304,0.696,-29.1,-34.0,4.9,0.0924
2026-05-09,Rabbitohs,Sharks,20260509072840,nan,Sharks,Rabbitohs,0,0.383,0.617,-0.9,24.0,24.9,0.3807
2026-05-09,Sea Eagles,Broncos,20260509093754,nan,Sea Eagles,Sea Eagles,1,0.567,0.567,7.4,28.0,20.6,0.1875
2026-05-10,Raiders,Panthers,20260509114034,2026-05-10_to_2026-05-10,Panthers,Panthers,1,0.214,0.786,-29.5,-12.0,17.5,0.0458
2026-05-10,Storm,Wests Tigers,20260509114034,2026-05-10_to_2026-05-10,Wests Tigers,Storm,0,0.467,0.533,-17.7,28.0,45.7,0.2841
2026-05-15,Rabbitohs,Dolphins,20260510081036,2026-05-15_to_2026-05-17,Dolphins,Dolphins,1,0.447,0.553,-4.0,-22.0,18.0,0.1998
2026-05-15,Sharks,Bulldogs,20260510081036,2026-05-15_to_2026-05-17,Sharks,Sharks,1,0.725,0.725,26.5,22.0,4.5,0.0756
2026-05-16,Eels,Storm,20260515200125,2026-05-16_to_2026-05-17,Storm,Storm,1,0.356,0.644,0.0,-26.0,26.0,0.1267
2026-05-16,Roosters,Cowboys,20260515200125,2026-05-16_to_2026-05-17,Roosters,Cowboys,0,0.83,0.83,19.1,-6.0,25.1,0.6889
2026-05-16,Wests Tigers,Sea Eagles,20260515200125,2026-05-16_to_2026-05-17,Sea Eagles,Sea Eagles,1,0.305,0.695,-19.4,-28.0,8.6,0.093
2026-05-17,Panthers,Dragons,20260516194934,2026-05-17_to_2026-05-21,Panthers,Panthers,1,0.903,0.903,34.3,22.0,12.3,0.0094
2026-05-17,Titans,Knights,20260516194934,2026-05-17_to_2026-05-21,Knights,Knights,1,0.303,0.697,-18.9,-24.0,5.1,0.0918
2026-05-17,Warriors,Broncos,20260516194934,2026-05-17_to_2026-05-21,Warriors,Warriors,1,0.672,0.672,14.4,30.0,15.6,0.1076
2026-05-21,Raiders,Dolphins,20260517201155,2026-05-21_to_2026-05-24,Dolphins,Dolphins,1,0.408,0.592,-27.6,-8.0,19.6,0.1665
2026-05-22,Bulldogs,Storm,20260521210812,2026-05-22_to_2026-05-24,Storm,Bulldogs,0,0.393,0.607,-10.8,10.0,20.8,0.3684
2026-05-23,Dragons,Warriors,20260522205325,2026-05-23_to_2026-05-24,Warriors,Warriors,1,0.185,0.815,-32.0,-18.0,14.0,0.0342
2026-05-23,Sea Eagles,Titans,20260522205325,2026-05-23_to_2026-05-24,Sea Eagles,Sea Eagles,1,0.799,0.799,28.1,2.0,26.1,0.0404
2026-05-24,Cowboys,Rabbitohs,20260523201321,2026-05-24_to_2026-05-24,Rabbitohs,Cowboys,0,0.462,0.538,-9.0,12.0,21.0,0.2894
2026-05-29,Sharks,Sea Eagles,20260524114538,2026-05-29_to_2026-05-31,Sea Eagles,Sharks,0,0.386,0.614,-9.6,6.0,15.6,0.377
2026-05-30,Knights,Eels,20260529211952,2026-05-30_to_2026-05-31,Knights,Knights,1,0.76,0.76,29.0,6.0,23.0,0.0576
2026-05-30,Storm,Roosters,20260529211952,2026-05-30_to_2026-05-31,Roosters,Storm,0,0.322,0.678,-20.7,14.0,34.7,0.4597
2026-05-30,Wests Tigers,Bulldogs,20260529211952,2026-05-30_to_2026-05-31,Wests Tigers,Wests Tigers,1,0.568,0.568,8.1,6.0,2.1,0.1866
2026-06-04,Sea Eagles,Rabbitohs,20260531203542,2026-06-04_to_2026-06-08,Sea Eagles,Sea Eagles,1,0.696,0.696,15.3,14.0,1.3,0.0924
2026-06-05,Raiders,Roosters,20260604210833,2026-06-05_to_2026-06-08,Roosters,Roosters,1,0.316,0.684,-16.6,-26.0,9.4,0.0999
2026-06-05,Storm,Knights,20260604210833,2026-06-05_to_2026-06-08,Knights,Storm,0,0.388,0.612,-10.9,2.0,12.9,0.3745
2026-06-06,Broncos,Titans,20260605210459,2026-06-06_to_2026-06-08,Broncos,Titans,0,0.738,0.738,10.2,-5.0,15.2,0.5446
2026-06-06,Cowboys,Dolphins,20260605210459,2026-06-06_to_2026-06-08,Dolphins,Dolphins,1,0.339,0.661,-17.5,-26.0,8.5,0.1149
2026-06-07,Sharks,Dragons,20260606114447,2026-06-07_to_2026-06-11,Sharks,Sharks,1,0.787,0.787,32.6,22.0,10.6,0.0454
2026-06-08,Bulldogs,Eels,20260607103851,2026-06-08_to_2026-06-12,Bulldogs,Bulldogs,1,0.647,0.647,10.4,2.0,8.4,0.1246
2026-06-11,Rabbitohs,Broncos,20260608212025,2026-06-11_to_2026-06-14,Rabbitohs,Rabbitohs,1,0.726,0.726,17.4,42.0,24.6,0.0751
2026-06-12,Dolphins,Roosters,20260611213307,2026-06-12_to_2026-06-14,Dolphins,Dolphins,1,0.679,0.679,8.9,38.0,29.1,0.103
2026-06-13,Eels,Raiders,20260612211018,2026-06-13_to_2026-06-14,Raiders,Eels,0,0.391,0.609,-6.0,3.0,9.0,0.3709
2026-06-13,Warriors,Sharks,20260612211018,2026-06-13_to_2026-06-14,Warriors,Sharks,0,0.647,0.647,8.1,-2.0,10.1,0.4186
2026-06-14,Wests Tigers,Titans,20260613204554,2026-06-14_to_2026-06-14,Titans,Wests Tigers,0,0.481,0.519,-3.2,8.0,11.2,0.2694
2026-06-19,Knights,Dragons,20260614204444,2026-06-19_to_2026-06-21,Knights,Knights,1,0.713,0.713,31.7,2.0,29.7,0.0824
2026-06-20,Bulldogs,Sea Eagles,20260619205056,2026-06-20_to_2026-06-21,Sea Eagles,Bulldogs,0,0.241,0.759,-22.1,1.0,23.1,0.5761
2026-06-20,Titans,Panthers,20260619205056,2026-06-20_to_2026-06-21,Panthers,Titans,0,0.199,0.801,-26.9,1.0,27.9,0.6416
2026-06-20,Wests Tigers,Dolphins,20260619205056,2026-06-20_to_2026-06-21,Dolphins,Dolphins,1,0.358,0.642,-29.6,-14.0,15.6,0.1282
2026-06-21,Roosters,Sharks,20260620190402,2026-06-21_to_2026-06-25,Sharks,Roosters,0,0.469,0.531,-1.7,19.0,20.7,0.282
2026-06-21,Storm,Raiders,20260620190402,2026-06-21_to_2026-06-25,Storm,Storm,1,0.757,0.757,21.4,22.0,0.6,0.059
2026-06-21,Warriors,Cowboys,20260620190402,2026-06-21_to_2026-06-25,Warriors,Warriors,1,0.732,0.732,11.1,18.0,6.9,0.0718
2026-06-25,Eels,Rabbitohs,20260621203449,2026-06-25_to_2026-06-28,Rabbitohs,Rabbitohs,1,0.283,0.717,-17.2,-20.0,2.8,0.0801
2026-06-26,Broncos,Roosters,20260625210952,2026-06-26_to_2026-06-28,Roosters,Roosters,1,0.26,0.74,-18.0,-6.0,12.0,0.0676
2026-06-26,Titans,Bulldogs,20260625210952,2026-06-26_to_2026-06-28,Titans,Bulldogs,0,0.564,0.564,6.5,-18.0,24.5,0.3181
2026-06-27,Cowboys,Panthers,20260626193002,2026-06-27_to_2026-06-28,Panthers,Cowboys,0,0.188,0.812,-18.9,14.0,32.9,0.6593
2026-06-27,Dolphins,Warriors,20260626193002,2026-06-27_to_2026-06-28,Dolphins,Dolphins,1,0.746,0.746,21.1,2.0,19.1,0.0645
2026-06-27,Sea Eagles,Storm,20260626193002,2026-06-27_to_2026-06-28,Sea Eagles,Sea Eagles,1,0.623,0.623,11.8,26.0,14.2,0.1421
2026-06-28,Knights,Wests Tigers,20260627203605,2026-06-28_to_2026-06-28,Knights,Knights,1,0.765,0.765,20.6,6.0,14.6,0.0552
2026-06-28,Raiders,Dragons,20260627203605,2026-06-28_to_2026-06-28,Raiders,Raiders,1,0.771,0.771,18.7,8.0,10.7,0.0524
2026-07-03,Panthers,Rabbitohs,20260628203955,2026-07-03_to_2026-07-05,Panthers,Panthers,1,0.654,0.654,11.2,22.0,10.8,0.1197
2026-07-04,Broncos,Sharks,20260703203542,2026-07-04_to_2026-07-05,Sharks,Sharks,1,0.277,0.723,-14.5,-12.0,2.5,0.0767
2026-07-04,Dragons,Wests Tigers,20260703203542,2026-07-04_to_2026-07-05,Wests Tigers,Dragons,0,0.374,0.626,-15.4,14.0,29.4,0.3919
2026-07-05,Eels,Sea Eagles,20260704202746,2026-07-05_to_2026-07-05,Sea Eagles,Eels,0,0.254,0.746,-25.1,9.0,34.1,0.5565
2026-07-05,Knights,Dolphins,20260704202746,2026-07-05_to_2026-07-05,Dolphins,Knights,0,0.436,0.564,-20.5,1.0,21.5,0.3181
2026-07-10,Wests Tigers,Warriors,20260705203425,2026-07-10_to_2026-07-12,Warriors,Wests Tigers,0,0.321,0.679,-18.6,26.0,44.6,0.461
2026-07-11,Bulldogs,Raiders,20260710204736,2026-07-11_to_2026-07-12,Bulldogs,Raiders,0,0.701,0.701,20.6,-24.0,44.6,0.4914
2026-07-11,Dolphins,Sharks,20260710204736,2026-07-11_to_2026-07-12,Dolphins,Sharks,0,0.696,0.696,22.7,-66.0,88.7,0.4844
2026-07-11,Roosters,Eels,20260710204736,2026-07-11_to_2026-07-12,Roosters,Roosters,1,0.786,0.786,25.1,16.0,9.1,0.0458
2026-07-12,Rabbitohs,Knights,20260711201419,2026-07-12_to_2026-07-16,Rabbitohs,Rabbitohs,1,0.642,0.642,8.5,2.0,6.5,0.1282
2026-07-12,Sea Eagles,Cowboys,20260711201419,2026-07-12_to_2026-07-16,Sea Eagles,Cowboys,0,0.729,0.729,17.5,-1.0,18.5,0.5314
2026-07-12,Storm,Titans,20260711201419,2026-07-12_to_2026-07-16,Storm,Storm,1,0.776,0.776,21.4,4.0,17.4,0.0502
2026-07-16,Panthers,Broncos,20260712201221,2026-07-16_to_2026-07-19,Panthers,Broncos,0,0.835,0.835,31.9,-2.0,33.9,0.6972
2026-07-17,Roosters,Storm,20260716202412,2026-07-17_to_2026-07-19,Roosters,Roosters,1,0.754,0.754,18.2,8.0,10.2,0.0605
2026-07-17,Sharks,Knights,20260716202412,2026-07-17_to_2026-07-19,Sharks,Sharks,1,0.688,0.688,24.0,2.0,22.0,0.0973
2026-07-18,Bulldogs,Wests Tigers,20260717202541,2026-07-18_to_2026-07-19,Bulldogs,Bulldogs,1,0.573,0.573,5.0,32.0,27.0,0.1823
2026-07-18,Raiders,Rabbitohs,20260717202541,2026-07-18_to_2026-07-19,Rabbitohs,Raiders,0,0.38,0.62,-10.9,10.0,20.9,0.3844
2026-07-18,Warriors,Dragons,20260717202541,2026-07-18_to_2026-07-19,Warriors,Warriors,1,0.831,0.831,25.2,8.0,17.2,0.0286
2026-07-19,Dolphins,Cowboys,20260718201100,2026-07-19_to_2026-07-23,Dolphins,Dolphins,1,0.574,0.574,2.5,20.0,17.5,0.1815
2026-07-19,Titans,Sea Eagles,20260718201100,2026-07-19_to_2026-07-23,Sea Eagles,Titans,0,0.298,0.702,-18.5,6.0,24.5,0.4928
2026-07-23,Eels,Panthers,20260719201349,2026-07-23_to_2026-07-26,Panthers,Panthers,1,0.174,0.826,-21.7,-6.0,15.7,0.0303
2026-07-24,Knights,Roosters,20260723203426,2026-07-24_to_2026-07-26,Roosters,Roosters,1,0.464,0.536,2.0,-1.0,3.0,0.2153
2026-07-24,Rabbitohs,Storm,20260723203426,2026-07-24_to_2026-07-26,Rabbitohs,Rabbitohs,1,0.666,0.666,16.3,2.0,14.3,0.1116
2026-07-25,Bulldogs,Warriors,20260724204427,2026-07-25_to_2026-07-26,Bulldogs,Bulldogs,1,0.554,0.554,7.0,12.0,5.0,0.1989
2026-07-25,Cowboys,Broncos,20260724204427,2026-07-25_to_2026-07-26,Cowboys,Cowboys,1,0.582,0.582,14.5,8.0,6.5,0.1747
2026-07-25,Raiders,Wests Tigers,20260724204427,2026-07-25_to_2026-07-26,Raiders,Raiders,1,0.762,0.762,18.0,46.0,28.0,0.0566
2026-07-26,Dragons,Titans,20260725202539,2026-07-26_to_2026-07-30,Titans,Titans,1,0.33,0.67,-8.6,-20.0,11.4,0.1089
2026-07-26,Sea Eagles,Sharks,20260725202539,2026-07-26_to_2026-07-30,Sharks,Sharks,1,0.308,0.692,-12.9,-36.0,23.1,0.0949
2026-07-30,Cowboys,Roosters,20260726202745,2026-07-30_to_2026-08-02,Roosters,Roosters,1,0.373,0.627,-6.4,-70.0,63.6,0.1391
2026-07-31,Dragons,Dolphins,20260730203946,2026-07-31_to_2026-08-02,Dolphins,Dolphins,1,0.241,0.759,-20.2,-6.0,14.2,0.0581
2026-07-31,Storm,Bulldogs,20260730203946,2026-07-31_to_2026-08-02,Storm,Bulldogs,0,0.532,0.532,6.8,-14.0,20.8,0.283
2026-08-01,Broncos,Knights,20260731203920,2026-08-01_to_2026-08-02,Knights,Knights,1,0.438,0.562,-14.1,-24.0,9.9,0.1918
2026-08-01,Panthers,Raiders,20260731203920,2026-08-01_to_2026-08-02,Panthers,Panthers,1,0.654,0.654,7.7,24.0,16.3,0.1197
2026-08-01,Titans,Warriors,20260731203920,2026-08-01_to_2026-08-02,Warriors,Warriors,1,0.455,0.545,4.0,-36.0,40.0,0.207
2026-08-02,Sharks,Rabbitohs,20260801202407,2026-08-02_to_2026-08-06,Sharks,Sharks,1,0.763,0.763,26.1,16.0,10.1,0.0562
2026-08-02,Wests Tigers,Eels,20260801202407,2026-08-02_to_2026-08-06,Eels,Eels,1,0.416,0.584,-3.6,-3.0,0.6,0.1731
2026-08-06,Titans,Cowboys,20260802202605,2026-08-06_to_2026-08-09,Cowboys,Cowboys,1,0.46,0.54,2.6,-22.0,24.6,0.2116
2026-08-07,Roosters,Bulldogs,20260807004526,2026-08-07_to_2026-08-09,Roosters,Roosters,1,0.713,0.713,24.3,2.0,22.3,0.0824
2026-08-07,Warriors,Panthers,20260807004526,2026-08-07_to_2026-08-09,Panthers,Warriors,0,0.406,0.594,-2.3,16.0,18.3,0.3528
2026-08-08,Dolphins,Broncos,20260807200326,2026-08-08_to_2026-08-09,Dolphins,Dolphins,1,0.705,0.705,21.8,8.0,13.8,0.087
2026-08-08,Rabbitohs,Eels,20260807200326,2026-08-08_to_2026-08-09,Rabbitohs,Rabbitohs,1,0.771,0.771,17.2,4.0,13.2,0.0524
2026-08-08,Storm,Sea Eagles,20260807200326,2026-08-08_to_2026-08-09,Storm,Storm,1,0.519,0.519,4.7,22.0,17.3,0.2314
2026-08-13,Panthers,Roosters,20260809195418,2026-08-13_to_2026-08-16,Roosters,Roosters,1,0.377,0.623,-6.5,-6.0,0.5,0.1421
2026-08-14,Bulldogs,Rabbitohs,20260813200246,2026-08-14_to_2026-08-16,Bulldogs,Rabbitohs,0,0.666,0.666,11.0,-16.0,27.0,0.4436
2026-08-14,Sea Eagles,Dolphins,20260813200246,2026-08-14_to_2026-08-16,Dolphins,Dolphins,1,0.302,0.698,-15.3,-22.0,6.7,0.0912
2026-08-15,Broncos,Warriors,20260814200127,2026-08-15_to_2026-08-16,Warriors,Warriors,1,0.259,0.741,-22.0,-34.0,12.0,0.0671
2026-08-15,Eels,Cowboys,20260814200127,2026-08-15_to_2026-08-16,Cowboys,Eels,0,0.433,0.567,1.6,2.0,0.4,0.3215
2026-08-15,Sharks,Raiders,20260814200127,2026-08-15_to_2026-08-16,Sharks,Raiders,0,0.784,0.784,27.9,-4.0,31.9,0.6147
2026-08-16,Knights,Titans,20260815194228,2026-08-16_to_2026-08-20,Knights,Knights,1,0.745,0.745,24.4,10.0,14.4,0.065
2026-08-16,Wests Tigers,Dragons,20260815194228,2026-08-16_to_2026-08-20,Wests Tigers,Dragons,0,0.518,0.518,6.7,-2.0,8.7,0.2683
2026-08-20,Storm,Panthers,20260816194104,2026-08-20_to_2026-08-23,Panthers,Panthers,1,0.329,0.671,-2.4,-8.0,5.6,0.1082
2026-08-21,Dolphins,Eels,20260820195316,2026-08-21_to_2026-08-23,Dolphins,Dolphins,1,0.831,0.831,20.0,18.0,2.0,0.0286
2026-08-21,Raiders,Broncos,20260820195316,2026-08-21_to_2026-08-23,Raiders,Broncos,0,0.794,0.794,25.8,-4.0,29.8,0.6304
2026-08-22,Dragons,Bulldogs,20260821194525,2026-08-22_to_2026-08-23,Bulldogs,Bulldogs,1,0.273,0.727,-20.6,-30.0,9.4,0.0745
2026-08-22,Knights,Sea Eagles,20260821194525,2026-08-22_to_2026-08-23,Knights,Sea Eagles,0,0.687,0.687,19.5,-20.0,39.5,0.472
2026-08-22,Rabbitohs,Warriors,20260821194525,2026-08-22_to_2026-08-23,Warriors,Warriors,1,0.383,0.617,-4.0,-19.0,15.0,0.1467
2026-08-23,Roosters,Wests Tigers,20260822194323,2026-08-23_to_2026-08-27,Roosters,Wests Tigers,0,0.823,0.823,28.1,-1.0,29.1,0.6773
2026-08-23,Titans,Sharks,20260822194323,2026-08-23_to_2026-08-27,Sharks,Sharks,1,0.253,0.747,-30.8,-8.0,22.8,0.064
2026-08-27,Broncos,Storm,20260823081203,2026-08-27_to_2026-08-30,Storm,Storm,1,0.396,0.604,-20.5,-26.0,5.5,0.1568
2026-08-28,Panthers,Bulldogs,20260827232535,2026-08-28_to_2026-08-30,Panthers,Panthers,1,0.652,0.652,0.6,14.0,13.4,0.1211
2026-08-28,Sea Eagles,Dragons,20260827232535,2026-08-28_to_2026-08-30,Sea Eagles,Sea Eagles,1,0.72,0.72,8.8,34.0,25.2,0.0784
2026-08-29,Cowboys,Wests Tigers,20260829022019,2026-08-29_to_2026-08-30,Cowboys,Cowboys,1,0.668,0.668,8.0,14.0,6.0,0.1102
2026-08-29,Roosters,Dolphins,20260829022019,2026-08-29_to_2026-08-30,Dolphins,Dolphins,1,0.476,0.524,-3.0,-14.0,11.0,0.2266
2026-08-29,Titans,Rabbitohs,20260829022019,2026-08-29_to_2026-08-30,Rabbitohs,Rabbitohs,1,0.211,0.789,-20.3,-20.0,0.3,0.0445
2026-08-30,Eels,Sharks,20260829215112,2026-08-30_to_2026-09-03,Sharks,Eels,0,0.262,0.738,-27.4,20.0,47.4,0.5446
2026-08-30,Warriors,Knights,20260829215112,2026-08-30_to_2026-09-03,Warriors,Warriors,1,0.668,0.668,19.6,14.0,5.6,0.1102
2026-09-03,Bulldogs,Broncos,20260830201155,2026-09-03_to_2026-09-06,Bulldogs,Broncos,0,0.703,0.703,21.7,-14.0,35.7,0.4942
2026-09-04,Rabbitohs,Roosters,20260903214659,2026-09-04_to_2026-09-06,Rabbitohs,Rabbitohs,1,0.671,0.671,-10.6,30.0,40.6,0.1082
2026-09-04,Titans,Dolphins,20260903214659,2026-09-04_to_2026-09-06,Dolphins,Dolphins,1,0.275,0.725,-28.7,-4.0,24.7,0.0756
2026-09-05,Cowboys,Raiders,20260904213639,2026-09-05_to_2026-09-06,Raiders,Raiders,1,0.45,0.55,-5.2,-20.0,14.8,0.2025
2026-09-05,Sharks,Storm,20260904213639,2026-09-05_to_2026-09-06,Storm,Storm,1,0.426,0.574,12.0,-4.0,16.0,0.1815
2026-09-05,Warriors,Sea Eagles,20260904213639,2026-09-05_to_2026-09-06,Warriors,Warriors,1,0.766,0.766,21.4,1.0,20.4,0.0548
2026-09-06,Dragons,Eels,20260905212603,2026-09-06_to_2026-09-09,Eels,Dragons,0,0.305,0.695,-22.9,2.0,24.9,0.483
2026-09-06,Panthers,Wests Tigers,20260905212603,2026-09-06_to_2026-09-09,Panthers,Panthers,1,0.801,0.801,23.0,28.0,5.0,0.0396
2026-09-11,Rabbitohs,Knights,20260910230526,2026-09-11_to_2026-09-13,Rabbitohs,Knights,0,0.75,0.75,16.4,-10.0,26.4,0.5625
2026-09-12,Sharks,Cowboys,20260910230526,2026-09-11_to_2026-09-13,Sharks,Sharks,1,0.737,0.737,18.9,10.0,8.9,0.0692
2026-09-12,Warriors,Dolphins,20260910230526,2026-09-11_to_2026-09-13,Warriors,Dolphins,0,0.573,0.573,5.5,-10.0,15.5,0.3283
