"run_id","run_utc","date","kickoff_local","home","away","home_win_prob","exp_margin_home","home_odds","away_odds","pick","edge","stake","stake_dollars","recommended_bet","generated_at"
"22974121374","2026-03-11 20:57:58","2026-03-12","","Broncos","Eels","0.874","14.5","1.26","4.0","","0.0","0.0","0.0","No Bet","2026-03-11 20:57 UTC"
"22974121374","2026-03-11 20:57:58","2026-03-13","","Warriors","Raiders","0.799","11.0","1.85","2.04","HOME","0.259","2.0","20.0","$20.00 Warriors","2026-03-11 20:57 UTC"
"22974121374","2026-03-11 20:57:58","2026-03-13","","Roosters","Rabbitohs","0.631","5.1","1.83","2.1","HOME","0.085","0.72","7.2","$7.20 Roosters","2026-03-11 20:57 UTC"
"22974121374","2026-03-11 20:57:58","2026-03-14","","Wests Tigers","Cowboys","0.727","8.2","1.62","2.49","HOME","0.11","1.26","12.6","$12.60 Wests Tigers","2026-03-11 20:57 UTC"
"22974121374","2026-03-11 20:57:58","2026-03-14","","Dragons","Storm","0.31","-5.0","3.16","1.4","","0.0","0.0","0.0","No Bet","2026-03-11 20:57 UTC"
"22974121374","2026-03-11 20:57:58","2026-03-14","","Panthers","Sharks","0.765","9.4","1.38","3.25","","0.0","0.0","0.0","No Bet","2026-03-11 20:57 UTC"
"22974121374","2026-03-11 20:57:58","2026-03-15","","Sea Eagles","Knights","0.836","12.6","1.6","2.39","HOME","0.211","2.0","20.0","$20.00 Sea Eagles","2026-03-11 20:57 UTC"
"22974121374","2026-03-11 20:57:58","2026-03-15","","Dolphins","Titans","0.832","12.5","1.4","3.1","HOME","0.118","2.0","20.0","$20.00 Dolphins","2026-03-11 20:57 UTC"
"23121584148","2026-03-15 23:14:37","2026-03-19","","Raiders","Bulldogs","0.589","3.7","1.89","1.95","","0.0","0.0","0.0","No Bet","2026-03-15 23:14 UTC"
"23121584148","2026-03-15 23:14:37","2026-03-20","","Roosters","Panthers","0.211","-8.3","2.6","1.5","AWAY","0.123","1.75","17.51","$17.51 Panthers","2026-03-15 23:14 UTC"
"23121584148","2026-03-15 23:14:37","2026-03-20","","Storm","Broncos","0.996","32.8","1.49","2.8","HOME","0.325","2.0","20.0","$20.00 Storm","2026-03-15 23:14 UTC"
"23121584148","2026-03-15 23:14:37","2026-03-21","","Knights","Warriors","0.337","-4.1","2.63","1.49","","0.0","0.0","0.0","No Bet","2026-03-15 23:14 UTC"
"23121584148","2026-03-15 23:14:37","2026-03-21","","Sharks","Dolphins","0.982","26.2","1.48","2.8","HOME","0.306","2.0","20.0","$20.00 Sharks","2026-03-15 23:14 UTC"
"23121584148","2026-03-15 23:14:37","2026-03-21","","Rabbitohs","Wests Tigers","0.648","5.6","1.58","2.4","","0.0","0.0","0.0","No Bet","2026-03-15 23:14 UTC"
"23121584148","2026-03-15 23:14:37","2026-03-22","","Eels","Dragons","0.641","5.4","1.48","2.82","","0.0","0.0","0.0","No Bet","2026-03-15 23:14 UTC"
"23121584148","2026-03-15 23:14:37","2026-03-22","","Cowboys","Titans","0.795","10.8","1.57","2.45","HOME","0.158","2.0","20.0","$20.00 Cowboys","2026-03-15 23:14 UTC"
"23122778479","2026-03-16 00:20:59","2026-03-19","","Raiders","Bulldogs","0.59","3.7","1.89","1.95","","0.0","0.0","0.0","No Bet","2026-03-16 00:20 UTC"
"23122778479","2026-03-16 00:20:59","2026-03-20","","Roosters","Panthers","0.211","-8.3","2.6","1.5","AWAY","0.122","1.74","17.44","$17.44 Panthers","2026-03-16 00:20 UTC"
"23122778479","2026-03-16 00:20:59","2026-03-20","","Storm","Broncos","0.996","32.9","1.49","2.8","HOME","0.325","2.0","20.0","$20.00 Storm","2026-03-16 00:20 UTC"
"23122778479","2026-03-16 00:20:59","2026-03-21","","Knights","Warriors","0.339","-4.1","2.63","1.49","","0.0","0.0","0.0","No Bet","2026-03-16 00:20 UTC"
"23122778479","2026-03-16 00:20:59","2026-03-21","","Sharks","Dolphins","0.982","26.2","1.45","2.8","HOME","0.292","2.0","20.0","$20.00 Sharks","2026-03-16 00:20 UTC"
"23122778479","2026-03-16 00:20:59","2026-03-21","","Rabbitohs","Wests Tigers","0.649","5.6","1.58","2.4","","0.0","0.0","0.0","No Bet","2026-03-16 00:20 UTC"
"23122778479","2026-03-16 00:20:59","2026-03-22","","Eels","Dragons","0.64","5.4","1.48","2.82","","0.0","0.0","0.0","No Bet","2026-03-16 00:20 UTC"
"23122778479","2026-03-16 00:20:59","2026-03-22","","Cowboys","Titans","0.796","10.9","1.57","2.45","HOME","0.159","2.0","20.0","$20.00 Cowboys","2026-03-16 00:20 UTC"
"23123519672","2026-03-16 00:58:28","2026-03-19","","Raiders","Bulldogs","0.59","3.7","1.89","1.95","","0.0","0.0","0.0","No Bet","2026-03-16 00:58 UTC"
"23123519672","2026-03-16 00:58:28","2026-03-20","","Roosters","Panthers","0.211","-8.3","2.6","1.5","AWAY","0.122","1.74","17.44","$17.44 Panthers","2026-03-16 00:58 UTC"
"23123519672","2026-03-16 00:58:28","2026-03-20","","Storm","Broncos","0.996","32.9","1.49","2.8","HOME","0.325","2.0","20.0","$20.00 Storm","2026-03-16 00:58 UTC"
"23123519672","2026-03-16 00:58:28","2026-03-21","","Knights","Warriors","0.339","-4.1","2.63","1.49","","0.0","0.0","0.0","No Bet","2026-03-16 00:58 UTC"
"23123519672","2026-03-16 00:58:28","2026-03-21","","Sharks","Dolphins","0.982","26.2","1.45","2.8","HOME","0.292","2.0","20.0","$20.00 Sharks","2026-03-16 00:58 UTC"
"23123519672","2026-03-16 00:58:28","2026-03-21","","Rabbitohs","Wests Tigers","0.649","5.6","1.58","2.4","","0.0","0.0","0.0","No Bet","2026-03-16 00:58 UTC"
"23123519672","2026-03-16 00:58:28","2026-03-22","","Eels","Dragons","0.64","5.4","1.48","2.82","","0.0","0.0","0.0","No Bet","2026-03-16 00:58 UTC"
"23123519672","2026-03-16 00:58:28","2026-03-22","","Cowboys","Titans","0.796","10.9","1.57","2.45","HOME","0.159","2.0","20.0","$20.00 Cowboys","2026-03-16 00:58 UTC"
"23125199032","2026-03-16 02:19:26","2026-03-19","","Raiders","Bulldogs","0.59","3.7","1.89","1.95","","0.0","0.0","0.0","No Bet","2026-03-16 02:19 UTC"
"23125199032","2026-03-16 02:19:26","2026-03-20","","Roosters","Panthers","0.211","-8.3","2.6","1.5","AWAY","0.122","1.74","17.44","$17.44 Panthers","2026-03-16 02:19 UTC"
"23125199032","2026-03-16 02:19:26","2026-03-20","","Storm","Broncos","0.996","32.9","1.49","2.8","HOME","0.325","2.0","20.0","$20.00 Storm","2026-03-16 02:19 UTC"
"23125199032","2026-03-16 02:19:26","2026-03-21","","Knights","Warriors","0.339","-4.1","2.63","1.49","","0.0","0.0","0.0","No Bet","2026-03-16 02:19 UTC"
"23125199032","2026-03-16 02:19:26","2026-03-21","","Sharks","Dolphins","0.982","26.2","1.45","2.8","HOME","0.292","2.0","20.0","$20.00 Sharks","2026-03-16 02:19 UTC"
"23125199032","2026-03-16 02:19:26","2026-03-21","","Rabbitohs","Wests Tigers","0.649","5.6","1.58","2.4","","0.0","0.0","0.0","No Bet","2026-03-16 02:19 UTC"
"23125199032","2026-03-16 02:19:26","2026-03-22","","Eels","Dragons","0.64","5.4","1.48","2.82","","0.0","0.0","0.0","No Bet","2026-03-16 02:19 UTC"
"23125199032","2026-03-16 02:19:26","2026-03-22","","Cowboys","Titans","0.796","10.9","1.57","2.45","HOME","0.159","2.0","20.0","$20.00 Cowboys","2026-03-16 02:19 UTC"
"23125415963","2026-03-16 02:29:36","2026-03-19","","Raiders","Bulldogs","0.59","3.7","1.9","1.95","","0.0","0.0","0.0","No Bet","2026-03-16 02:29 UTC"
"23125415963","2026-03-16 02:29:36","2026-03-20","","Roosters","Panthers","0.211","-8.3","2.6","1.5","AWAY","0.122","1.74","17.44","$17.44 Panthers","2026-03-16 02:29 UTC"
"23125415963","2026-03-16 02:29:36","2026-03-20","","Storm","Broncos","0.996","32.9","1.49","2.8","HOME","0.325","2.0","20.0","$20.00 Storm","2026-03-16 02:29 UTC"
"23125415963","2026-03-16 02:29:36","2026-03-21","","Knights","Warriors","0.339","-4.1","2.63","1.49","","0.0","0.0","0.0","No Bet","2026-03-16 02:29 UTC"
"23125415963","2026-03-16 02:29:36","2026-03-21","","Sharks","Dolphins","0.982","26.2","1.45","2.8","HOME","0.292","2.0","20.0","$20.00 Sharks","2026-03-16 02:29 UTC"
"23125415963","2026-03-16 02:29:36","2026-03-21","","Rabbitohs","Wests Tigers","0.649","5.6","1.58","2.4","","0.0","0.0","0.0","No Bet","2026-03-16 02:29 UTC"
"23125415963","2026-03-16 02:29:36","2026-03-22","","Eels","Dragons","0.64","5.4","1.48","2.82","","0.0","0.0","0.0","No Bet","2026-03-16 02:29 UTC"
"23125415963","2026-03-16 02:29:36","2026-03-22","","Cowboys","Titans","0.796","10.9","1.57","2.45","HOME","0.159","2.0","20.0","$20.00 Cowboys","2026-03-16 02:29 UTC"
"23125482012","2026-03-16 02:32:48","2026-03-19","","Raiders","Bulldogs","0.59","3.7","1.9","1.95","","0.0","0.0","0.0","No Bet","2026-03-16 02:32 UTC"
"23125482012","2026-03-16 02:32:48","2026-03-20","","Roosters","Panthers","0.211","-8.3","2.6","1.5","AWAY","0.122","1.74","17.44","$17.44 Panthers","2026-03-16 02:32 UTC"
"23125482012","2026-03-16 02:32:48","2026-03-20","","Storm","Broncos","0.996","32.9","1.49","2.8","HOME","0.325","2.0","20.0","$20.00 Storm","2026-03-16 02:32 UTC"
"23125482012","2026-03-16 02:32:48","2026-03-21","","Knights","Warriors","0.339","-4.1","2.63","1.49","","0.0","0.0","0.0","No Bet","2026-03-16 02:32 UTC"
"23125482012","2026-03-16 02:32:48","2026-03-21","","Sharks","Dolphins","0.982","26.2","1.45","2.8","HOME","0.292","2.0","20.0","$20.00 Sharks","2026-03-16 02:32 UTC"
"23125482012","2026-03-16 02:32:48","2026-03-21","","Rabbitohs","Wests Tigers","0.649","5.6","1.58","2.4","","0.0","0.0","0.0","No Bet","2026-03-16 02:32 UTC"
"23125482012","2026-03-16 02:32:48","2026-03-22","","Eels","Dragons","0.64","5.4","1.48","2.82","","0.0","0.0","0.0","No Bet","2026-03-16 02:32 UTC"
"23125482012","2026-03-16 02:32:48","2026-03-22","","Cowboys","Titans","0.796","10.9","1.57","2.45","HOME","0.159","2.0","20.0","$20.00 Cowboys","2026-03-16 02:32 UTC"
"23125648131","2026-03-16 02:40:57","2026-03-19","","Raiders","Bulldogs","0.59","3.7","1.9","1.95","","0.0","0.0","0.0","No Bet","2026-03-16 02:40 UTC"
"23125648131","2026-03-16 02:40:57","2026-03-20","","Roosters","Panthers","0.211","-8.3","2.6","1.5","AWAY","0.122","1.74","17.44","$17.44 Panthers","2026-03-16 02:40 UTC"
"23125648131","2026-03-16 02:40:57","2026-03-20","","Storm","Broncos","0.996","32.9","1.49","2.8","HOME","0.325","2.0","20.0","$20.00 Storm","2026-03-16 02:40 UTC"
"23125648131","2026-03-16 02:40:57","2026-03-21","","Knights","Warriors","0.339","-4.1","2.65","1.49","","0.0","0.0","0.0","No Bet","2026-03-16 02:40 UTC"
"23125648131","2026-03-16 02:40:57","2026-03-21","","Sharks","Dolphins","0.982","26.2","1.45","2.8","HOME","0.292","2.0","20.0","$20.00 Sharks","2026-03-16 02:40 UTC"
"23125648131","2026-03-16 02:40:57","2026-03-21","","Rabbitohs","Wests Tigers","0.649","5.6","1.58","2.4","","0.0","0.0","0.0","No Bet","2026-03-16 02:40 UTC"
"23125648131","2026-03-16 02:40:57","2026-03-22","","Eels","Dragons","0.64","5.4","1.48","2.82","","0.0","0.0","0.0","No Bet","2026-03-16 02:40 UTC"
"23125648131","2026-03-16 02:40:57","2026-03-22","","Cowboys","Titans","0.796","10.9","1.57","2.45","HOME","0.159","2.0","20.0","$20.00 Cowboys","2026-03-16 02:40 UTC"
"23163267368","2026-03-16 19:59:59","2026-03-19","","Raiders","Bulldogs","0.59","3.7","1.9","1.95","","0.0","0.0","0.0","No Bet","2026-03-16 19:59 UTC"
"23163267368","2026-03-16 19:59:59","2026-03-20","","Roosters","Panthers","0.211","-8.3","2.6","1.51","AWAY","0.127","1.78","17.84","$17.84 Panthers","2026-03-16 19:59 UTC"
"23163267368","2026-03-16 19:59:59","2026-03-20","","Storm","Broncos","0.996","32.9","1.5","2.8","HOME","0.33","2.0","20.0","$20.00 Storm","2026-03-16 19:59 UTC"
"23163267368","2026-03-16 19:59:59","2026-03-21","","Knights","Warriors","0.339","-4.1","2.65","1.49","","0.0","0.0","0.0","No Bet","2026-03-16 19:59 UTC"
"23163267368","2026-03-16 19:59:59","2026-03-21","","Sharks","Dolphins","0.982","26.2","1.45","2.8","HOME","0.292","2.0","20.0","$20.00 Sharks","2026-03-16 19:59 UTC"
"23163267368","2026-03-16 19:59:59","2026-03-21","","Rabbitohs","Wests Tigers","0.649","5.6","1.59","2.4","","0.0","0.0","0.0","No Bet","2026-03-16 19:59 UTC"
"23163267368","2026-03-16 19:59:59","2026-03-22","","Eels","Dragons","0.64","5.4","1.48","2.84","","0.0","0.0","0.0","No Bet","2026-03-16 19:59 UTC"
"23163267368","2026-03-16 19:59:59","2026-03-22","","Cowboys","Titans","0.796","10.9","1.6","2.41","HOME","0.171","2.0","20.0","$20.00 Cowboys","2026-03-16 19:59 UTC"
"23213891141","2026-03-17 20:02:08","2026-03-19","","Raiders","Bulldogs","0.592","3.8","1.84","2.05","","0.0","0.0","0.0","No Bet","2026-03-17 20:02 UTC"
"23213891141","2026-03-17 20:02:08","2026-03-20","","Roosters","Panthers","0.211","-8.2","2.55","1.57","AWAY","0.152","1.99","19.87","$19.87 Panthers","2026-03-17 20:02 UTC"
"23213891141","2026-03-17 20:02:08","2026-03-20","","Storm","Broncos","0.997","32.9","1.37","3.15","HOME","0.267","2.0","20.0","$20.00 Storm","2026-03-17 20:02 UTC"
"23213891141","2026-03-17 20:02:08","2026-03-21","","Knights","Warriors","0.34","-4.0","2.55","1.59","","0.0","0.0","0.0","No Bet","2026-03-17 20:02 UTC"
"23213891141","2026-03-17 20:02:08","2026-03-21","","Sharks","Dolphins","0.982","26.2","1.47","2.85","HOME","0.301","2.0","20.0","$20.00 Sharks","2026-03-17 20:02 UTC"
"23213891141","2026-03-17 20:02:08","2026-03-21","","Rabbitohs","Wests Tigers","0.65","5.7","1.58","2.45","","0.0","0.0","0.0","No Bet","2026-03-17 20:02 UTC"
"23213891141","2026-03-17 20:02:08","2026-03-22","","Eels","Dragons","0.64","5.4","1.5","2.79","","0.0","0.0","0.0","No Bet","2026-03-17 20:02 UTC"
"23213891141","2026-03-17 20:02:08","2026-03-22","","Cowboys","Titans","0.796","10.9","1.6","2.4","HOME","0.171","2.0","20.0","$20.00 Cowboys","2026-03-17 20:02 UTC"
"23222841719","2026-03-18 00:22:21","2026-03-19","","Raiders","Bulldogs","0.594","3.8","1.84","2.05","","0.0","0.0","0.0","No Bet","2026-03-18 00:22 UTC"
"23222841719","2026-03-18 00:22:21","2026-03-20","","Roosters","Panthers","0.212","-8.2","2.55","1.57","AWAY","0.151","1.98","19.75","$19.75 Panthers","2026-03-18 00:22 UTC"
"23222841719","2026-03-18 00:22:21","2026-03-20","","Storm","Broncos","0.997","32.9","1.37","3.15","HOME","0.267","2.0","20.0","$20.00 Storm","2026-03-18 00:22 UTC"
"23222841719","2026-03-18 00:22:21","2026-03-21","","Knights","Warriors","0.341","-4.0","2.55","1.59","","0.0","0.0","0.0","No Bet","2026-03-18 00:22 UTC"
"23222841719","2026-03-18 00:22:21","2026-03-21","","Sharks","Dolphins","0.982","26.2","1.47","2.85","HOME","0.301","2.0","20.0","$20.00 Sharks","2026-03-18 00:22 UTC"
"23222841719","2026-03-18 00:22:21","2026-03-21","","Rabbitohs","Wests Tigers","0.651","5.7","1.58","2.45","","0.0","0.0","0.0","No Bet","2026-03-18 00:22 UTC"
"23222841719","2026-03-18 00:22:21","2026-03-22","","Eels","Dragons","0.64","5.3","1.5","2.76","","0.0","0.0","0.0","No Bet","2026-03-18 00:22 UTC"
"23222841719","2026-03-18 00:22:21","2026-03-22","","Cowboys","Titans","0.797","10.9","1.6","2.4","HOME","0.172","2.0","20.0","$20.00 Cowboys","2026-03-18 00:22 UTC"
"23224089483","2026-03-18 01:07:10","2026-03-19","","Raiders","Bulldogs","0.594","3.8","1.84","2.05","","0.0","0.0","0.0","No Bet","2026-03-18 01:07 UTC"
"23224089483","2026-03-18 01:07:10","2026-03-20","","Roosters","Panthers","0.212","-8.2","2.55","1.58","AWAY","0.155","2.0","20.0","$20.00 Panthers","2026-03-18 01:07 UTC"
"23224089483","2026-03-18 01:07:10","2026-03-20","","Storm","Broncos","0.997","32.9","1.39","3.15","HOME","0.277","2.0","20.0","$20.00 Storm","2026-03-18 01:07 UTC"
"23224089483","2026-03-18 01:07:10","2026-03-21","","Knights","Warriors","0.341","-4.0","2.55","1.59","","0.0","0.0","0.0","No Bet","2026-03-18 01:07 UTC"
"23224089483","2026-03-18 01:07:10","2026-03-21","","Sharks","Dolphins","0.982","26.2","1.47","2.85","HOME","0.301","2.0","20.0","$20.00 Sharks","2026-03-18 01:07 UTC"
"23224089483","2026-03-18 01:07:10","2026-03-21","","Rabbitohs","Wests Tigers","0.651","5.7","1.58","2.45","","0.0","0.0","0.0","No Bet","2026-03-18 01:07 UTC"
"23224089483","2026-03-18 01:07:10","2026-03-22","","Eels","Dragons","0.64","5.3","1.5","2.76","","0.0","0.0","0.0","No Bet","2026-03-18 01:07 UTC"
"23224089483","2026-03-18 01:07:10","2026-03-22","","Cowboys","Titans","0.797","10.9","1.6","2.4","HOME","0.172","2.0","20.0","$20.00 Cowboys","2026-03-18 01:07 UTC"
"23225060522","2026-03-18 01:42:42","2026-03-19","","Raiders","Bulldogs","0.594","3.8","1.85","2.05","","0.0","0.0","0.0","No Bet","2026-03-18 01:42 UTC"
"23225060522","2026-03-18 01:42:42","2026-03-20","","Roosters","Panthers","0.212","-8.2","2.55","1.58","AWAY","0.155","2.0","20.0","$20.00 Panthers","2026-03-18 01:42 UTC"
"23225060522","2026-03-18 01:42:42","2026-03-20","","Storm","Broncos","0.997","32.9","1.39","3.15","HOME","0.277","2.0","20.0","$20.00 Storm","2026-03-18 01:42 UTC"
"23225060522","2026-03-18 01:42:42","2026-03-21","","Knights","Warriors","0.341","-4.0","2.55","1.59","","0.0","0.0","0.0","No Bet","2026-03-18 01:42 UTC"
"23225060522","2026-03-18 01:42:42","2026-03-21","","Sharks","Dolphins","0.982","26.2","1.47","2.85","HOME","0.301","2.0","20.0","$20.00 Sharks","2026-03-18 01:42 UTC"
"23225060522","2026-03-18 01:42:42","2026-03-21","","Rabbitohs","Wests Tigers","0.651","5.7","1.58","2.45","","0.0","0.0","0.0","No Bet","2026-03-18 01:42 UTC"
"23225060522","2026-03-18 01:42:42","2026-03-22","","Eels","Dragons","0.64","5.3","1.52","2.76","","0.0","0.0","0.0","No Bet","2026-03-18 01:42 UTC"
"23225060522","2026-03-18 01:42:42","2026-03-22","","Cowboys","Titans","0.797","10.9","1.6","2.4","HOME","0.172","2.0","20.0","$20.00 Cowboys","2026-03-18 01:42 UTC"
"23226152435","2026-03-18 02:25:30","2026-03-19","","Raiders","Bulldogs","0.594","3.8","1.85","2.05","","0.0","0.0","0.0","No Bet","2026-03-18 02:25 UTC"
"23226152435","2026-03-18 02:25:30","2026-03-20","","Roosters","Panthers","0.212","-8.2","2.55","1.58","AWAY","0.155","2.0","20.0","$20.00 Panthers","2026-03-18 02:25 UTC"
"23226152435","2026-03-18 02:25:30","2026-03-20","","Storm","Broncos","0.997","32.9","1.39","3.1","HOME","0.277","2.0","20.0","$20.00 Storm","2026-03-18 02:25 UTC"
"23226152435","2026-03-18 02:25:30","2026-03-21","","Knights","Warriors","0.341","-4.0","2.55","1.59","","0.0","0.0","0.0","No Bet","2026-03-18 02:25 UTC"
"23226152435","2026-03-18 02:25:30","2026-03-21","","Sharks","Dolphins","0.982","26.2","1.47","2.85","HOME","0.301","2.0","20.0","$20.00 Sharks","2026-03-18 02:25 UTC"
"23226152435","2026-03-18 02:25:30","2026-03-21","","Rabbitohs","Wests Tigers","0.651","5.7","1.58","2.45","","0.0","0.0","0.0","No Bet","2026-03-18 02:25 UTC"
"23226152435","2026-03-18 02:25:30","2026-03-22","","Eels","Dragons","0.64","5.3","1.5","2.76","","0.0","0.0","0.0","No Bet","2026-03-18 02:25 UTC"
"23226152435","2026-03-18 02:25:30","2026-03-22","","Cowboys","Titans","0.797","10.9","1.6","2.4","HOME","0.172","2.0","20.0","$20.00 Cowboys","2026-03-18 02:25 UTC"
"23226902701","2026-03-18 02:56:09","2026-03-19","","Raiders","Bulldogs","0.594","3.8","1.85","2.05","","0.0","0.0","0.0","No Bet","2026-03-18 02:56 UTC"
"23226902701","2026-03-18 02:56:09","2026-03-20","","Roosters","Panthers","0.212","-8.2","2.55","1.58","AWAY","0.155","2.0","20.0","$20.00 Panthers","2026-03-18 02:56 UTC"
"23226902701","2026-03-18 02:56:09","2026-03-20","","Storm","Broncos","0.997","32.9","1.39","3.1","HOME","0.277","2.0","20.0","$20.00 Storm","2026-03-18 02:56 UTC"
"23226902701","2026-03-18 02:56:09","2026-03-21","","Knights","Warriors","0.341","-4.0","2.55","1.59","","0.0","0.0","0.0","No Bet","2026-03-18 02:56 UTC"
"23226902701","2026-03-18 02:56:09","2026-03-21","","Sharks","Dolphins","0.982","26.2","1.47","2.85","HOME","0.301","2.0","20.0","$20.00 Sharks","2026-03-18 02:56 UTC"
"23226902701","2026-03-18 02:56:09","2026-03-21","","Rabbitohs","Wests Tigers","0.651","5.7","1.58","2.45","","0.0","0.0","0.0","No Bet","2026-03-18 02:56 UTC"
"23226902701","2026-03-18 02:56:09","2026-03-22","","Eels","Dragons","0.64","5.3","1.5","2.76","","0.0","0.0","0.0","No Bet","2026-03-18 02:56 UTC"
"23226902701","2026-03-18 02:56:09","2026-03-22","","Cowboys","Titans","0.797","10.9","1.6","2.4","HOME","0.172","2.0","20.0","$20.00 Cowboys","2026-03-18 02:56 UTC"
"23229593268","2026-03-18 04:49:13","2026-03-19","","Raiders","Bulldogs","0.594","3.8","1.85","2.0","","0.0","0.0","0.0","No Bet","2026-03-18 04:49 UTC"
"23229593268","2026-03-18 04:49:13","2026-03-20","","Roosters","Panthers","0.212","-8.2","2.55","1.6","AWAY","0.163","2.0","20.0","$20.00 Panthers","2026-03-18 04:49 UTC"
"23229593268","2026-03-18 04:49:13","2026-03-20","","Storm","Broncos","0.997","32.9","1.35","3.3","HOME","0.256","2.0","20.0","$20.00 Storm","2026-03-18 04:49 UTC"
"23229593268","2026-03-18 04:49:13","2026-03-21","","Knights","Warriors","0.341","-4.0","2.55","1.59","","0.0","0.0","0.0","No Bet","2026-03-18 04:49 UTC"
"23229593268","2026-03-18 04:49:13","2026-03-21","","Sharks","Dolphins","0.982","26.2","1.47","2.85","HOME","0.301","2.0","20.0","$20.00 Sharks","2026-03-18 04:49 UTC"
"23229593268","2026-03-18 04:49:13","2026-03-21","","Rabbitohs","Wests Tigers","0.651","5.7","1.58","2.45","","0.0","0.0","0.0","No Bet","2026-03-18 04:49 UTC"
"23229593268","2026-03-18 04:49:13","2026-03-22","","Eels","Dragons","0.64","5.3","1.55","2.76","","0.0","0.0","0.0","No Bet","2026-03-18 04:49 UTC"
"23229593268","2026-03-18 04:49:13","2026-03-22","","Cowboys","Titans","0.797","10.9","1.6","2.5","HOME","0.172","2.0","20.0","$20.00 Cowboys","2026-03-18 04:49 UTC"
"23229695553","2026-03-18 04:53:28","2026-03-19","","Raiders","Bulldogs","0.594","3.8","1.85","2.0","","0.0","0.0","0.0","No Bet","2026-03-18 04:53 UTC"
"23229695553","2026-03-18 04:53:28","2026-03-20","","Roosters","Panthers","0.212","-8.2","2.55","1.6","AWAY","0.163","2.0","20.0","$20.00 Panthers","2026-03-18 04:53 UTC"
"23229695553","2026-03-18 04:53:28","2026-03-20","","Storm","Broncos","0.997","32.9","1.35","3.3","HOME","0.256","2.0","20.0","$20.00 Storm","2026-03-18 04:53 UTC"
"23229695553","2026-03-18 04:53:28","2026-03-21","","Knights","Warriors","0.341","-4.0","2.55","1.59","","0.0","0.0","0.0","No Bet","2026-03-18 04:53 UTC"
"23229695553","2026-03-18 04:53:28","2026-03-21","","Sharks","Dolphins","0.982","26.2","1.47","2.85","HOME","0.301","2.0","20.0","$20.00 Sharks","2026-03-18 04:53 UTC"
"23229695553","2026-03-18 04:53:28","2026-03-21","","Rabbitohs","Wests Tigers","0.651","5.7","1.58","2.45","","0.0","0.0","0.0","No Bet","2026-03-18 04:53 UTC"
"23229695553","2026-03-18 04:53:28","2026-03-22","","Eels","Dragons","0.64","5.3","1.55","2.76","","0.0","0.0","0.0","No Bet","2026-03-18 04:53 UTC"
"23229695553","2026-03-18 04:53:28","2026-03-22","","Cowboys","Titans","0.797","10.9","1.6","2.5","HOME","0.172","2.0","20.0","$20.00 Cowboys","2026-03-18 04:53 UTC"
"23230138042","2026-03-18 05:11:57","2026-03-19","","Raiders","Bulldogs","0.594","3.8","1.87","2.0","","0.0","0.0","0.0","No Bet","2026-03-18 05:11 UTC"
"23230138042","2026-03-18 05:11:57","2026-03-20","","Roosters","Panthers","0.212","-8.2","2.55","1.6","AWAY","0.163","2.0","20.0","$20.00 Panthers","2026-03-18 05:11 UTC"
"23230138042","2026-03-18 05:11:57","2026-03-20","","Storm","Broncos","0.997","32.9","1.35","3.3","HOME","0.256","2.0","20.0","$20.00 Storm","2026-03-18 05:11 UTC"
"23230138042","2026-03-18 05:11:57","2026-03-21","","Knights","Warriors","0.341","-4.0","2.55","1.59","","0.0","0.0","0.0","No Bet","2026-03-18 05:11 UTC"
"23230138042","2026-03-18 05:11:57","2026-03-21","","Sharks","Dolphins","0.982","26.2","1.47","2.85","HOME","0.301","2.0","20.0","$20.00 Sharks","2026-03-18 05:11 UTC"
"23230138042","2026-03-18 05:11:57","2026-03-21","","Rabbitohs","Wests Tigers","0.651","5.7","1.58","2.45","","0.0","0.0","0.0","No Bet","2026-03-18 05:11 UTC"
"23230138042","2026-03-18 05:11:57","2026-03-22","","Eels","Dragons","0.64","5.3","1.55","2.87","","0.0","0.0","0.0","No Bet","2026-03-18 05:11 UTC"
"23230138042","2026-03-18 05:11:57","2026-03-22","","Cowboys","Titans","0.797","10.9","1.6","2.5","HOME","0.172","2.0","20.0","$20.00 Cowboys","2026-03-18 05:11 UTC"
"23230515884","2026-03-18 05:27:34","2026-03-19","","Raiders","Bulldogs","0.594","3.8","1.87","2.0","","0.0","0.0","0.0","No Bet","2026-03-18 05:27 UTC"
"23230515884","2026-03-18 05:27:34","2026-03-20","","Roosters","Panthers","0.212","-8.2","2.55","1.6","AWAY","0.163","2.0","20.0","$20.00 Panthers","2026-03-18 05:27 UTC"
"23230515884","2026-03-18 05:27:34","2026-03-20","","Storm","Broncos","0.997","32.9","1.35","3.4","HOME","0.256","2.0","20.0","$20.00 Storm","2026-03-18 05:27 UTC"
"23230515884","2026-03-18 05:27:34","2026-03-21","","Knights","Warriors","0.341","-4.0","2.55","1.59","","0.0","0.0","0.0","No Bet","2026-03-18 05:27 UTC"
"23230515884","2026-03-18 05:27:34","2026-03-21","","Sharks","Dolphins","0.982","26.2","1.47","2.85","HOME","0.301","2.0","20.0","$20.00 Sharks","2026-03-18 05:27 UTC"
"23230515884","2026-03-18 05:27:34","2026-03-21","","Rabbitohs","Wests Tigers","0.651","5.7","1.58","2.45","","0.0","0.0","0.0","No Bet","2026-03-18 05:27 UTC"
"23230515884","2026-03-18 05:27:34","2026-03-22","","Eels","Dragons","0.64","5.3","1.55","2.87","","0.0","0.0","0.0","No Bet","2026-03-18 05:27 UTC"
"23230515884","2026-03-18 05:27:34","2026-03-22","","Cowboys","Titans","0.797","10.9","1.6","2.5","HOME","0.172","2.0","20.0","$20.00 Cowboys","2026-03-18 05:27 UTC"
"23230997440","2026-03-18 05:46:36","2026-03-19","","Raiders","Bulldogs","0.594","3.8","1.87","2.0","","0.0","0.0","0.0","No Bet","2026-03-18 05:46 UTC"
"23230997440","2026-03-18 05:46:36","2026-03-20","","Roosters","Panthers","0.212","-8.2","2.55","1.6","","0.0","0.0","0.0","No Bet","2026-03-18 05:46 UTC"
"23230997440","2026-03-18 05:46:36","2026-03-20","","Storm","Broncos","0.997","32.9","1.35","3.3","HOME","0.256","2.0","20.0","$20.00 Storm","2026-03-18 05:46 UTC"
"23230997440","2026-03-18 05:46:36","2026-03-21","","Knights","Warriors","0.341","-4.0","2.55","1.59","","0.0","0.0","0.0","No Bet","2026-03-18 05:46 UTC"
"23230997440","2026-03-18 05:46:36","2026-03-21","","Sharks","Dolphins","0.982","26.2","1.47","2.85","HOME","0.301","2.0","20.0","$20.00 Sharks","2026-03-18 05:46 UTC"
"23230997440","2026-03-18 05:46:36","2026-03-21","","Cowboys","Storm","0.047","-18.9","3.57","1.3","AWAY","0.184","2.0","20.0","$20.00 Storm","2026-03-18 05:46 UTC"
"23230997440","2026-03-18 05:46:36","2026-03-21","","Rabbitohs","Wests Tigers","0.651","5.7","1.58","2.45","","0.0","0.0","0.0","No Bet","2026-03-18 05:46 UTC"
"23230997440","2026-03-18 05:46:36","2026-03-22","","Eels","Dragons","0.64","5.3","1.55","2.87","","0.0","0.0","0.0","No Bet","2026-03-18 05:46 UTC"
"23230997440","2026-03-18 05:46:36","2026-03-22","","Cowboys","Titans","0.797","10.9","1.6","2.5","HOME","0.172","2.0","20.0","$20.00 Cowboys","2026-03-18 05:46 UTC"
"23231318405","2026-03-18 05:59:16","2026-03-19","","Raiders","Bulldogs","0.594","3.8","1.87","2.0","","0.0","0.0","0.0","No Bet","2026-03-18 05:59 UTC"
"23231318405","2026-03-18 05:59:16","2026-03-20","","Roosters","Panthers","0.212","-8.2","2.55","1.6","","0.0","0.0","0.0","No Bet","2026-03-18 05:59 UTC"
"23231318405","2026-03-18 05:59:16","2026-03-20","","Storm","Broncos","0.997","32.9","1.35","3.35","HOME","0.256","2.0","20.0","$20.00 Storm","2026-03-18 05:59 UTC"
"23231318405","2026-03-18 05:59:16","2026-03-21","","Cowboys","Storm","0.047","-18.9","3.57","1.3","AWAY","0.184","2.0","20.0","$20.00 Storm","2026-03-18 05:59 UTC"
"23231318405","2026-03-18 05:59:16","2026-03-21","","Knights","Warriors","0.341","-4.0","2.55","1.59","","0.0","0.0","0.0","No Bet","2026-03-18 05:59 UTC"
"23231318405","2026-03-18 05:59:16","2026-03-21","","Rabbitohs","Wests Tigers","0.651","5.7","1.58","2.45","","0.0","0.0","0.0","No Bet","2026-03-18 05:59 UTC"
"23231318405","2026-03-18 05:59:16","2026-03-21","","Sharks","Dolphins","0.982","26.2","1.47","2.85","HOME","0.301","2.0","20.0","$20.00 Sharks","2026-03-18 05:59 UTC"
"23231318405","2026-03-18 05:59:16","2026-03-22","","Cowboys","Titans","0.797","10.9","1.6","2.5","HOME","0.172","2.0","20.0","$20.00 Cowboys","2026-03-18 05:59 UTC"
"23231318405","2026-03-18 05:59:16","2026-03-22","","Eels","Dragons","0.64","5.3","1.55","2.87","","0.0","0.0","0.0","No Bet","2026-03-18 05:59 UTC"
"23231770729","2026-03-18 06:16:08","2026-03-19","","Raiders","Bulldogs","0.594","3.8","1.87","2.0","","0.0","0.0","0.0","No Bet","2026-03-18 06:16 UTC"
"23231770729","2026-03-18 06:16:08","2026-03-20","","Roosters","Panthers","0.212","-8.2","2.55","1.6","AWAY","0.163","2.0","20.0","$20.00 Panthers","2026-03-18 06:16 UTC"
"23231770729","2026-03-18 06:16:08","2026-03-20","","Storm","Broncos","0.997","32.9","1.35","3.4","HOME","0.256","2.0","20.0","$20.00 Storm","2026-03-18 06:16 UTC"
"23231770729","2026-03-18 06:16:08","2026-03-21","","Knights","Warriors","0.341","-4.0","2.55","1.59","","0.0","0.0","0.0","No Bet","2026-03-18 06:16 UTC"
"23231770729","2026-03-18 06:16:08","2026-03-21","","Rabbitohs","Wests Tigers","0.651","5.7","1.58","2.45","","0.0","0.0","0.0","No Bet","2026-03-18 06:16 UTC"
"23231770729","2026-03-18 06:16:08","2026-03-21","","Sharks","Dolphins","0.982","26.2","1.47","2.85","HOME","0.301","2.0","20.0","$20.00 Sharks","2026-03-18 06:16 UTC"
"23231770729","2026-03-18 06:16:08","2026-03-22","","Cowboys","Titans","0.797","10.9","1.6","2.5","HOME","0.172","2.0","20.0","$20.00 Cowboys","2026-03-18 06:16 UTC"
"23231770729","2026-03-18 06:16:08","2026-03-22","","Eels","Dragons","0.64","5.3","1.55","2.87","","0.0","0.0","0.0","No Bet","2026-03-18 06:16 UTC"
"23232470617","2026-03-18 06:42:28","2026-03-19","","Raiders","Bulldogs","0.594","3.8","1.87","2.0","","0.0","0.0","0.0","No Bet","2026-03-18 06:42 UTC"
"23232470617","2026-03-18 06:42:28","2026-03-20","","Roosters","Panthers","0.212","-8.2","2.55","1.6","AWAY","0.163","2.0","20.0","$20.00 Panthers","2026-03-18 06:42 UTC"
"23232470617","2026-03-18 06:42:28","2026-03-20","","Storm","Broncos","0.997","32.9","1.35","3.3","HOME","0.256","2.0","20.0","$20.00 Storm","2026-03-18 06:42 UTC"
"23232470617","2026-03-18 06:42:28","2026-03-21","","Knights","Warriors","0.341","-4.0","2.55","1.59","","0.0","0.0","0.0","No Bet","2026-03-18 06:42 UTC"
"23232470617","2026-03-18 06:42:28","2026-03-21","","Rabbitohs","Wests Tigers","0.651","5.7","1.58","2.45","","0.0","0.0","0.0","No Bet","2026-03-18 06:42 UTC"
"23232470617","2026-03-18 06:42:28","2026-03-21","","Sharks","Dolphins","0.982","26.2","1.47","2.85","HOME","0.301","2.0","20.0","$20.00 Sharks","2026-03-18 06:42 UTC"
"23232470617","2026-03-18 06:42:28","2026-03-22","","Cowboys","Titans","0.797","10.9","1.6","2.5","HOME","0.172","2.0","20.0","$20.00 Cowboys","2026-03-18 06:42 UTC"
"23232470617","2026-03-18 06:42:28","2026-03-22","","Eels","Dragons","0.64","5.3","1.55","2.87","","0.0","0.0","0.0","No Bet","2026-03-18 06:42 UTC"
"23232720021","2026-03-18 06:51:57","2026-03-19","","Raiders","Bulldogs","0.594","3.8","1.87","2.0","","0.0","0.0","0.0","No Bet","2026-03-18 06:51 UTC"
"23232720021","2026-03-18 06:51:57","2026-03-20","","Roosters","Panthers","0.212","-8.2","2.55","1.6","AWAY","0.163","2.0","20.0","$20.00 Panthers","2026-03-18 06:51 UTC"
"23232720021","2026-03-18 06:51:57","2026-03-20","","Storm","Broncos","0.997","32.9","1.35","3.3","HOME","0.256","2.0","20.0","$20.00 Storm","2026-03-18 06:51 UTC"
"23232720021","2026-03-18 06:51:57","2026-03-21","","Knights","Warriors","0.341","-4.0","2.55","1.59","","0.0","0.0","0.0","No Bet","2026-03-18 06:51 UTC"
"23232720021","2026-03-18 06:51:57","2026-03-21","","Rabbitohs","Wests Tigers","0.651","5.7","1.58","2.45","","0.0","0.0","0.0","No Bet","2026-03-18 06:51 UTC"
"23232720021","2026-03-18 06:51:57","2026-03-21","","Sharks","Dolphins","0.982","26.2","1.47","2.85","HOME","0.301","2.0","20.0","$20.00 Sharks","2026-03-18 06:51 UTC"
"23232720021","2026-03-18 06:51:57","2026-03-22","","Cowboys","Titans","0.797","10.9","1.6","2.5","HOME","0.172","2.0","20.0","$20.00 Cowboys","2026-03-18 06:51 UTC"
"23232720021","2026-03-18 06:51:57","2026-03-22","","Eels","Dragons","0.64","5.3","1.55","2.87","","0.0","0.0","0.0","No Bet","2026-03-18 06:51 UTC"
"23233065912","2026-03-18 07:03:51","2026-03-19","","Raiders","Bulldogs","0.594","3.8","1.87","2.0","","0.0","0.0","0.0","No Bet","2026-03-18 07:03 UTC"
"23233065912","2026-03-18 07:03:51","2026-03-20","","Roosters","Panthers","0.212","-8.2","2.55","1.6","AWAY","0.163","2.0","20.0","$20.00 Panthers","2026-03-18 07:03 UTC"
"23233065912","2026-03-18 07:03:51","2026-03-20","","Storm","Broncos","0.997","32.9","1.35","3.3","HOME","0.256","2.0","20.0","$20.00 Storm","2026-03-18 07:03 UTC"
"23233065912","2026-03-18 07:03:51","2026-03-21","","Knights","Warriors","0.341","-4.0","2.55","1.59","","0.0","0.0","0.0","No Bet","2026-03-18 07:03 UTC"
"23233065912","2026-03-18 07:03:51","2026-03-21","","Rabbitohs","Wests Tigers","0.651","5.7","1.58","2.45","","0.0","0.0","0.0","No Bet","2026-03-18 07:03 UTC"
"23233065912","2026-03-18 07:03:51","2026-03-21","","Sharks","Dolphins","0.982","26.2","1.47","2.85","HOME","0.301","2.0","20.0","$20.00 Sharks","2026-03-18 07:03 UTC"
"23233065912","2026-03-18 07:03:51","2026-03-22","","Cowboys","Titans","0.797","10.9","1.6","2.5","HOME","0.172","2.0","20.0","$20.00 Cowboys","2026-03-18 07:03 UTC"
"23233065912","2026-03-18 07:03:51","2026-03-22","","Eels","Dragons","0.64","5.3","1.55","2.87","","0.0","0.0","0.0","No Bet","2026-03-18 07:03 UTC"
"23233344537","2026-03-18 07:13:42","2026-03-19","","Raiders","Bulldogs","0.594","3.8","1.87","2.0","","0.0","0.0","0.0","No Bet","2026-03-18 07:13 UTC"
"23233344537","2026-03-18 07:13:42","2026-03-20","","Roosters","Panthers","0.212","-8.2","2.55","1.6","AWAY","0.163","2.0","20.0","$20.00 Panthers","2026-03-18 07:13 UTC"
"23233344537","2026-03-18 07:13:42","2026-03-20","","Storm","Broncos","0.997","32.9","1.35","3.3","HOME","0.256","2.0","20.0","$20.00 Storm","2026-03-18 07:13 UTC"
"23233344537","2026-03-18 07:13:42","2026-03-21","","Knights","Warriors","0.341","-4.0","2.55","1.59","","0.0","0.0","0.0","No Bet","2026-03-18 07:13 UTC"
"23233344537","2026-03-18 07:13:42","2026-03-21","","Rabbitohs","Wests Tigers","0.651","5.7","1.58","2.45","","0.0","0.0","0.0","No Bet","2026-03-18 07:13 UTC"
"23233344537","2026-03-18 07:13:42","2026-03-21","","Sharks","Dolphins","0.982","26.2","1.47","2.85","HOME","0.301","2.0","20.0","$20.00 Sharks","2026-03-18 07:13 UTC"
"23233344537","2026-03-18 07:13:42","2026-03-22","","Cowboys","Titans","0.797","10.9","1.6","2.5","HOME","0.172","2.0","20.0","$20.00 Cowboys","2026-03-18 07:13 UTC"
"23233344537","2026-03-18 07:13:42","2026-03-22","","Eels","Dragons","0.64","5.3","1.55","2.87","","0.0","0.0","0.0","No Bet","2026-03-18 07:13 UTC"
"23233765527","2026-03-18 07:27:42","2026-03-19","","Raiders","Bulldogs","0.594","3.8","1.87","2.0","","0.0","0.0","0.0","No Bet","2026-03-18 07:27 UTC"
"23233765527","2026-03-18 07:27:42","2026-03-20","","Roosters","Panthers","0.212","-8.2","2.55","1.6","AWAY","0.163","2.0","20.0","$20.00 Panthers","2026-03-18 07:27 UTC"
"23233765527","2026-03-18 07:27:42","2026-03-20","","Storm","Broncos","0.997","32.9","1.35","3.3","HOME","0.256","2.0","20.0","$20.00 Storm","2026-03-18 07:27 UTC"
"23233765527","2026-03-18 07:27:42","2026-03-21","","Knights","Warriors","0.341","-4.0","2.55","1.59","","0.0","0.0","0.0","No Bet","2026-03-18 07:27 UTC"
"23233765527","2026-03-18 07:27:42","2026-03-21","","Rabbitohs","Wests Tigers","0.651","5.7","1.58","2.45","","0.0","0.0","0.0","No Bet","2026-03-18 07:27 UTC"
"23233765527","2026-03-18 07:27:42","2026-03-21","","Sharks","Dolphins","0.982","26.2","1.47","2.85","HOME","0.301","2.0","20.0","$20.00 Sharks","2026-03-18 07:27 UTC"
"23233765527","2026-03-18 07:27:42","2026-03-22","","Cowboys","Titans","0.797","10.9","1.6","2.5","HOME","0.172","2.0","20.0","$20.00 Cowboys","2026-03-18 07:27 UTC"
"23233765527","2026-03-18 07:27:42","2026-03-22","","Eels","Dragons","0.64","5.3","1.55","2.87","","0.0","0.0","0.0","No Bet","2026-03-18 07:27 UTC"
"23236549115","2026-03-18 08:51:40","AUTO","ATTACK_DEFENCE","2026-03-19","","","Raiders","Bulldogs","0.703","0.517","0.585","7.0","34.2","0.64","1.87","2.0","Raiders","Bulldogs","3.0","dog_recent_margin|dog_recent_winrate|h2h_dog_edge","","0.0","","Bulldogs","3.0","1","1","0.05","HOME VALUE +5%","","0.0","0.0","0.0","0.0","No Bet","2026-03-18 08:51 UTC"
"23236549115","2026-03-18 08:51:40","AUTO","ATTACK_DEFENCE","2026-03-20","","","Roosters","Panthers","0.275","0.386","0.353","-5.6","28.0","0.66","2.55","1.6","Panthers","Roosters","0.0","","","0.0","","Roosters","0.0","0","0","0.065","","","0.0","0.0","0.0","0.0","No Bet","2026-03-18 08:51 UTC"
"23236549115","2026-03-18 08:51:40","AUTO","ATTACK_DEFENCE","2026-03-20","","","Storm","Broncos","0.999","0.702","0.763","34.3","45.6","0.75","1.37","3.23","Storm","Broncos","0.0","","","0.0","","Broncos","0.0","0","0","0.08","","","0.0","0.0","0.0","0.0","No Bet","2026-03-18 08:51 UTC"
"23236549115","2026-03-18 08:51:40","AUTO","ATTACK_DEFENCE","2026-03-21","","","Knights","Warriors","0.534","0.384","0.47","1.9","44.5","0.52","2.55","1.59","Warriors","Knights","0.0","","","0.0","","Knights","0.0","0","0","0.035","HOME VALUE +8%","","0.0","0.0","0.0","0.0","No Bet","2026-03-18 08:51 UTC"
"23236549115","2026-03-18 08:51:40","AUTO","ATTACK_DEFENCE","2026-03-21","","","Rabbitohs","Wests Tigers","0.614","0.608","0.607","4.4","54.2","0.58","1.58","2.45","Rabbitohs","Wests Tigers","0.0","","","0.0","","Wests Tigers","0.0","0","0","0.035","","","0.0","0.0","0.0","0.0","No Bet","2026-03-18 08:51 UTC"
"23236549115","2026-03-18 08:51:40","AUTO","ATTACK_DEFENCE","2026-03-21","","","Sharks","Dolphins","0.989","0.66","0.749","27.9","52.0","0.75","1.47","2.85","Sharks","Dolphins","0.0","","","0.0","","Dolphins","0.0","0","0","0.08","HOME VALUE +7%","","0.0","0.0","0.0","0.0","No Bet","2026-03-18 08:51 UTC"
"23236549115","2026-03-18 08:51:40","AUTO","ATTACK_DEFENCE","2026-03-22","","","Cowboys","Titans","0.912","0.61","0.709","16.5","43.2","0.75","1.6","2.5","Cowboys","Titans","0.0","","","0.0","","Titans","0.0","0","1","0.065","HOME VALUE +8%","HOME","0.084","0.47","0.47","4.67","$4.67 Cowboys","2026-03-18 08:51 UTC"
"23236549115","2026-03-18 08:51:40","AUTO","ATTACK_DEFENCE","2026-03-22","","","Eels","Dragons","0.589","0.649","0.59","3.6","53.9","0.56","1.55","2.87","Eels","Dragons","2.0","dog_recent_margin|h2h_dog_edge","","0.0","","Dragons","2.0","1","0","0.045","AWAY VALUE +6%","AWAY","0.062","0.24","0.24","2.44","$2.44 Dragons","2026-03-18 08:51 UTC"
